id,name,author,team_size,slug,published,created,modified,comments,game_position,ludum_dare_version,data_authors,game_link,links_body,cool,feedback,given,grade,grade-01-average,grade-01-result,grade-02-average,grade-02-result,grade-03-average,grade-03-result,grade-04-average,grade-04-result,grade-05-average,grade-05-result,grade-06-average,grade-06-result,grade-07-average,grade-07-result,grade-08-average,grade-08-result,smart
307173,Dark Points,[105243],1,dark-points,2022-10-03T20:37:16Z,2022-10-03T20:29:01Z,2024-03-29T16:48:26Z,31,1,51,https://api.ldjam.com/vx/node2/get/105243,/events/ludum-dare/51/dark-points,['https://www.youtube.com/watch?v=fkGdj5spk-M'],100.50633235095,22,24.875,25.625,4.583,1,4.396,9,4.583,4,4.313,57,4.604,24,4.729,1,2.976,509,4.854,2,-2.9857499854668
299061,Intern Inferno,"[122306, 122279, 122528, 122691]",4,intern-inferno,2022-10-03T22:54:01Z,2022-09-25T06:43:22Z,2024-03-29T16:48:26Z,20,2,51,https://api.ldjam.com/vx/node2/get/122306+122279+122528+122691,/events/ludum-dare/51/intern-inferno,"['https://youtu.be/dvc8_hJ2bgY', 'https://twitter.com/Noogai223', 'https://laulaulau.bandcamp.com/', 'https://unplug.red', 'https://twitter.com/James9270Dev']",154.13492711769,7,49,21.625,4.575,2,4.474,4,4.225,33,4.65,2,4.675,14,4.342,29,4.579,3,4.6,9,-9.5743643643546
302375,BARRAGE,"[48617, 105683, 56995]",3,barrage,2022-10-03T20:48:43Z,2022-09-30T15:07:45Z,2024-03-29T16:48:26Z,22,3,51,https://api.ldjam.com/vx/node2/get/48617+105683+56995,/events/ludum-dare/51/barrage,[],75.543406613169,26,13.625,28.428571428571,4.574,3,4.481,3,4.407,11,4.611,4,4.593,27,4.6,4,,,4.54,12,-10.079572414384
296902,Blink,"[122244, 164547]",2,blink,2022-10-03T21:55:28Z,2022-09-12T14:33:39Z,2024-03-29T16:48:26Z,60,4,51,https://api.ldjam.com/vx/node2/get/122244+164547,/events/ludum-dare/51/blink,"['https://justcamh.itch.io/blink', 'https://soundcloud.com/clockmaker1/blink-theme']",57.58755534499,13,24.375,85.142857142857,4.554,4,4.205,38,4.675,2,4.339,47,4.392,93,4.337,31,,,4.518,16,-50.889319141769
306798,Downpour,"[237623, 236387, 97711, 280272]",4,downpour,2022-10-03T21:40:47Z,2022-10-03T16:41:46Z,2024-03-29T16:48:26Z,56,5,51,https://api.ldjam.com/vx/node2/get/237623+236387+97711+280272,/events/ludum-dare/51/downpour,"['https://youtu.be/26sh9Qi_LoA', 'https://chris19191.itch.io/downpour']",93.102751144863,34,49.625,66.571428571429,4.538,5,4.408,8,3.923,126,4.377,33,4.6,25,4.492,15,,,4.625,7,-32.899235750894
306175,Machine Yearning,"[280755, 280764]",2,machine-yearning,2022-10-03T00:16:39Z,2022-10-02T23:48:12Z,2024-03-29T16:48:26Z,19,6,51,https://api.ldjam.com/vx/node2/get/280755+280764,/events/ludum-dare/51/machine-yearning,"['https://welldweller.github.io/machine-yearning/', 'https://soundcloud.com/d-a-n-i-e-l-2-3', 'https://github.com/WellDweller/machine-yearning']",152.19907017464,2,45.75,20.75,4.526,6,4.605,1,4.711,1,4.211,107,3.895,391,4.306,34,4.306,29,4.132,85,-20.397024783201
296646,THE OPERATOR,[14061],1,the-operator,2022-10-03T14:28:19Z,2022-09-10T17:10:17Z,2024-03-29T16:48:26Z,18,7,51,https://api.ldjam.com/vx/node2/get/14061,/events/ludum-dare/51/the-operator,['https://twitter.com/SimexCode'],113.25231545766,16,22.125,20.857142857143,4.474,7,4.105,69,4.474,6,4.474,16,4.579,35,4.472,18,,,4.667,6,-0.76747105296953
307216,Twilight Souls,[155],1,twilight-souls,2022-10-03T21:28:37Z,2022-10-03T20:47:17Z,2024-03-29T16:48:26Z,48,8,51,https://api.ldjam.com/vx/node2/get/155,/events/ludum-dare/51/twilight-souls,['https://www.newgrounds.com/audio/listen/280967'],111.96224820758,103,66.125,61.428571428571,4.443,8,4.492,2,3.975,104,4.057,211,4.672,15,,,2.683,671,4.186,71,2.449807667554
306513,Game Name,"[8735, 19409, 1668, 93526]",4,game-name,2022-10-03T21:53:17Z,2022-10-03T12:03:55Z,2024-03-29T16:48:26Z,173,9,51,https://api.ldjam.com/vx/node2/get/8735+19409+1668+93526,/events/ludum-dare/51/game-name,"['https://twitter.com/ouroborose', 'https://twitter.com/stregawolf', 'https://discord.gg/Hhd4v93H9y', 'https://twitter.com/tenlki']",54.88624600025,65,30.125,254.875,4.431,9,4.253,28,4.144,50,4.549,9,4.61,23,4.383,23,4.381,19,4.39,28,-59.202002917765
298412,Choo Choo Crossing,"[127334, 269498]",2,choo-choo-crossing,2022-10-03T22:33:46Z,2022-09-21T21:55:33Z,2024-03-29T16:48:26Z,38,10,51,https://api.ldjam.com/vx/node2/get/127334+269498,/events/ludum-dare/51/choo-choo-crossing,['https://hydezeke.itch.io/choochoo'],89.348717267294,62,35.625,45.625,4.409,10,4.273,22,4.216,35,4.136,159,4.614,21,4.591,5,4.43,12,4.369,30,-3.7216461992658
296784,Poda Wants a Statue,"[183602, 216666, 282572]",3,poda-wants-a-statue,2022-10-03T22:46:14Z,2022-09-11T17:43:41Z,2024-03-29T16:48:26Z,158,11,51,https://api.ldjam.com/vx/node2/get/183602+216666+282572,/events/ludum-dare/51/poda-wants-a-statue,"['https://dodoot.itch.io/poda', 'https://twitter.com/blibloop', 'https://twitter.com/dk_doot', 'https://twitter.com/NamedZak']",98.425098425148,144,96.875,187.625,4.404,11,4.218,33,3.86,158,4.193,122,4.771,4,4.353,28,4,81,4.288,44,-45.095603512804
297847,"KAIROS, Battle for Seconds","[139253, 185300, 151656, 189716]",4,kairos-battle-for-seconds,2022-10-03T21:18:59Z,2022-09-19T12:11:23Z,2024-03-29T16:48:26Z,74,12,51,https://api.ldjam.com/vx/node2/get/139253+185300+151656+189716,/events/ludum-dare/51/kairos-battle-for-seconds,"['https://youtu.be/jTaIs5SwB1U', 'https://assetstore.unity.com/packages/vfx/particles/epic-toon-fx-57772', 'https://blukulele.itch.io/kairos-battle-for-seconds']",105.30483802224,75,56,58.857142857143,4.395,12,4.316,17,4.272,22,4.596,6,4.412,86,4.411,20,,,4.439,22,-6.7357257462912
307233,BeaT-Rex,"[78121, 128428, 127294, 307274, 307288]",5,beat-rex,2022-10-03T21:57:23Z,2022-10-03T20:55:15Z,2024-03-29T16:48:26Z,49,13,51,https://api.ldjam.com/vx/node2/get/78121+128428+127294+307274+307288,/events/ludum-dare/51/beat-rex,"['https://opengameart.org/content/arrow-hit-twan', 'https://freesound.org/people/Halleck/sounds/19487/', 'https://freesound.org/people/NoahBangs/sounds/636082/']",84.919544134639,24,41.375,58.375,4.393,13,4.456,5,4.079,68,4.272,75,4.202,192,4.509,12,3.75,154,4.018,136,-33.942174092418
300868,Swapwood Quest R,"[181480, 287295, 181481, 181995, 181990, 281656, 266777, 181994]",8,swapwood-quest-r,2022-10-03T21:58:29Z,2022-09-29T03:35:40Z,2024-03-29T16:48:26Z,69,14,51,https://api.ldjam.com/vx/node2/get/181480+287295+181481+181995+181990+281656+266777+181994,/events/ludum-dare/51/swapwood-quest-r,['https://www.youtube.com/watch?v=LBh8H1Az1ts'],40.824829046386,6,14.25,98.857142857143,4.388,14,4.342,13,3.914,135,3.878,366,4.798,2,4.397,22,3.335,320,,,-58.540848899617
301476,Paper Summoner,"[11561, 38666]",2,paper-summoner,2022-10-03T22:53:25Z,2022-09-29T19:23:17Z,2024-03-29T16:48:26Z,22,15,51,https://api.ldjam.com/vx/node2/get/11561+38666,/events/ludum-dare/51/paper-summoner,[],101.79547554081,19,17.875,24.333333333333,4.364,15,4.205,38,4.25,27,4.636,3,4.568,37,,,,,4.182,73,-1.6584897839221
301329,Bearly Fishing,"[185270, 185282, 185275, 304098]",4,bearly-fishing,2022-10-03T20:48:20Z,2022-09-29T17:15:21Z,2024-03-29T16:48:26Z,38,16,51,https://api.ldjam.com/vx/node2/get/185270+185282+185275+304098,/events/ludum-dare/51/bearly-fishing,[],98.907071009368,42,45,47,4.356,16,4.433,7,4.111,57,4.156,149,4.333,114,4.1,72,4.133,59,4.133,84,-15.983194958319
306626,Le Petit Jardin,"[5221, 12867, 91279, 81196, 247485]",5,le-petit-jardin,2022-10-03T18:07:01Z,2022-10-03T14:36:53Z,2024-03-29T16:48:26Z,43,17,51,https://api.ldjam.com/vx/node2/get/5221+12867+91279+81196+247485,/events/ludum-dare/51/le-petit-jardin,[],89.983414723899,18,27.125,46,4.352,17,4.114,65,3.58,364,3.227,951,4.83,1,,,,,4.943,1,-27.768488148538
307312,Hidden Moves,"[280555, 280585, 212152, 280561, 281971, 280559, 75122, 264396, 264242]",9,hidden-moves,2022-10-03T22:04:43Z,2022-10-03T21:15:32Z,2024-03-29T16:48:26Z,22,18,51,https://api.ldjam.com/vx/node2/get/280555+280585+212152+280561+281971+280559+75122+264396+264242,/events/ludum-dare/51/hidden-moves,[],125.08061916349,31,48.5,32,4.35,18,4.15,50,3.483,442,4.15,152,4.75,5,4.533,9,4.433,10,4.35,33,-3.1257754373467
303341,The Turgenev Study,"[1083, 286850, 6693]",3,the-turgenev-study,2022-10-03T21:53:00Z,2022-09-30T21:45:56Z,2024-03-29T16:48:26Z,29,19,51,https://api.ldjam.com/vx/node2/get/1083+286850+6693,/events/ludum-dare/51/the-turgenev-study,[],67.115605521402,16,18.75,42.625,4.345,19,4.238,29,4.31,20,4.298,65,4.614,21,4.357,26,2.344,847,4.256,53,-27.390039913763
307135,Bushland Savescum,"[16543, 123555, 215298]",3,bushland-savescum,2022-10-03T21:42:51Z,2022-10-03T20:12:51Z,2024-03-29T16:48:26Z,21,20,51,https://api.ldjam.com/vx/node2/get/16543+123555+215298,/events/ludum-dare/51/bushland-savescum,[],112.87331223715,29,33.125,27,4.34,20,4.34,14,3.94,115,4.6,5,3.94,356,4.04,92,3.94,94,4,141,4.527154012371
296980,10 Second Mixtape,"[81421, 224670, 290764, 290461, 370389]",5,10-second-mixtape,2022-10-03T14:08:01Z,2022-09-13T04:57:39Z,2024-03-29T16:48:26Z,97,21,51,https://api.ldjam.com/vx/node2/get/81421+224670+290764+290461+370389,/events/ludum-dare/51/10-second-mixtape,"['https://ldjam.com/events/ludum-dare/50/different-strokes', 'https://swsteffes.itch.io/10-second-mixtape']",81.009258730098,121,65.625,108.875,4.332,21,4.056,94,4.402,12,4.231,91,4.412,86,4.407,21,3.962,91,4.217,64,-27.708018056867
306789,Sally's Scribbles,"[261449, 251652, 306790]",3,sallys-scribbles,2022-10-03T16:41:11Z,2022-10-03T16:34:32Z,2024-03-29T16:48:26Z,44,22,51,https://api.ldjam.com/vx/node2/get/261449+251652+306790,/events/ludum-dare/51/sallys-scribbles,[],76.534435314558,57,27.75,48.375,4.33,22,4.213,36,4.255,26,4.468,18,4.532,40,4.065,83,4.045,76,4.25,54,-7.0740309062643
305361,Count Down Dracula,"[218582, 221105, 213241, 221097, 212509, 221142, 309380]",7,count-down-dracula,2022-10-03T21:57:25Z,2022-10-02T12:24:41Z,2024-03-29T16:48:26Z,79,23,51,https://api.ldjam.com/vx/node2/get/218582+221105+213241+221097+212509+221142+309380,/events/ludum-dare/51/count-down-dracula,"['https://twitter.com/TeamGuillo', 'https://guilloteam.itch.io/']",102.65141710096,85,88.25,96.857142857143,4.323,23,4.28,21,3.626,311,3.668,566,4.584,32,4.282,37,,,4.4,26,-34.581054042695
307642,Farming Fatigue,"[12368, 9227, 284675, 153733]",4,farming-fatigue,2022-10-03T22:55:30Z,2022-10-03T22:21:24Z,2024-03-29T16:48:26Z,23,24,51,https://api.ldjam.com/vx/node2/get/12368+9227+284675+153733,/events/ludum-dare/51/farming-fatigue,[],72.583005469096,16,13.5,26.625,4.32,24,4.229,31,4.24,30,4.02,243,4.72,8,4.354,27,3.583,211,4.06,111,-13.334453036009
299981,DRILL BILL,"[817, 23390]",2,drill-bill,2022-10-03T22:49:37Z,2022-09-27T14:04:14Z,2024-03-29T16:48:26Z,22,25,51,https://api.ldjam.com/vx/node2/get/817+23390,/events/ludum-dare/51/drill-bill,"['https://eidovolta.bandcamp.com/album/drill-bill', 'https://ludum.thenet.sk/ld51/']",117.56333702044,47,42.5,42.333333333333,4.3,25,4.214,35,3.986,101,4.143,158,4.471,65,4.243,42,3.538,233,4.167,75,-4.6349739738075
297891,Exorcist Patrol,"[6470, 26437]",2,exorcist-patrol,2022-10-03T22:56:35Z,2022-09-19T16:48:12Z,2024-03-29T16:48:26Z,87,26,51,https://api.ldjam.com/vx/node2/get/6470+26437,/events/ludum-dare/51/exorcist-patrol,"['https://www.youtube.com/watch?v=8PizU4IZXh4', 'https://soundcloud.com/dunkelbunt/two_dancing_cranes']",98.32234135542,127,65.375,78.428571428571,4.288,26,4.215,34,4.532,5,4.314,56,4.222,177,,,3.279,347,3.867,213,-11.467121199137
307134,Impact-Effect,[257946],1,impact-effect,2022-10-03T21:41:13Z,2022-10-03T20:12:12Z,2024-03-29T16:48:26Z,101,27,51,https://api.ldjam.com/vx/node2/get/257946,/events/ludum-dare/51/impact-effect,[],100.25094142342,113,108.75,134,4.287,27,4.379,10,3.92,131,4.261,81,4.117,244,,,,,3.981,158,-31.739482803854
300090,Void Timeline,"[282090, 262831, 262832, 276628, 299832, 300224]",6,void-timeline,2022-10-03T22:38:01Z,2022-09-27T17:39:07Z,2024-03-29T16:48:26Z,29,28,51,https://api.ldjam.com/vx/node2/get/282090+262831+262832+276628+299832+300224,/events/ludum-dare/51/void-timeline,"['https://twitter.com/sushi_sparkling', 'https://twitter.com/YerisTR', 'https://twitter.com/KusYremix', 'https://tanocollective.itch.io/', 'https://www.looperman.com/loops/detail/309009/upbeat-drums-part-2-free-95bpm-jazz-drum-loop', 'https://twitter.com/hex2start', 'https://twitter.com/HaaYaargh', 'https://twitter.com/tanocollective', 'https://www.looperman.com/loops/detail/309008/upbeat-drums-part-1-free-95bpm-jazz-drum-loop']",100.15094348214,33,41.5,42.375,4.286,28,4.298,19,4.167,44,3.548,690,4.256,158,3.713,240,2.114,928,3.885,201,-15.268145426368
302081,SHOTGUN DISCO QUEEN,[302079],1,shotgun-disco-queen,2022-10-03T21:54:53Z,2022-09-30T10:40:30Z,2024-03-29T16:48:26Z,18,28,51,https://api.ldjam.com/vx/node2/get/302079,/events/ludum-dare/51/shotgun-disco-queen,"['https://cannibalgirl.itch.io/shotgun-disco-queen', 'https://cannibalgirl.fun/games/ld51/', 'https://cannibalgirl.fun/games/ld51/SHOTGUNDISCOQUEEN-LD51-BUILD221004.zip']",80.605056548848,20,14.375,23.125,4.286,28,4.114,65,3.818,184,4.238,89,4.333,114,4.333,32,3.275,350,4.429,23,2.667134666068
307066,Last Pawn Standing - Chess Battle Royale,[105888],1,last-pawn-standing-chess-battle-royale,2022-10-03T21:28:48Z,2022-10-03T19:43:50Z,2024-03-29T16:48:26Z,18,30,51,https://api.ldjam.com/vx/node2/get/105888,/events/ludum-dare/51/last-pawn-standing-chess-battle-royale,['https://jiisloth.github.io/LD51/LastPawnStanding/'],129.21165649396,8,24,24.6,4.283,30,4.043,100,4.457,8,4.341,43,3.818,444,,,,,,,-12.995855756534
306979,Clock Caper,"[55687, 54448, 307929]",3,clock-caper,2022-10-03T21:28:49Z,2022-10-03T19:00:29Z,2024-03-29T16:48:26Z,45,31,51,https://api.ldjam.com/vx/node2/get/55687+54448+307929,/events/ludum-dare/51/clock-caper,[],119.62410861016,117,73.875,60.142857142857,4.28,31,4.026,106,4.085,63,4.492,14,4.797,3,,,3.907,105,4.331,38,1.8640406729091
301487,Echo,"[245340, 245402]",2,echo-1,2022-10-03T22:54:16Z,2022-09-29T19:31:48Z,2024-03-29T16:48:26Z,16,32,51,https://api.ldjam.com/vx/node2/get/245340+245402,/events/ludum-dare/51/echo-1,[],82.112266089935,16,11.125,20,4.278,32,4.139,53,4.083,64,4.5,13,4.056,286,4.056,85,,,4.139,83,-3.4118625674823
299333,RED RINK,"[25021, 26231, 93735, 3784, 28403]",5,red-rink,2022-10-03T21:22:42Z,2022-09-26T06:44:07Z,2024-03-29T16:48:26Z,29,33,51,https://api.ldjam.com/vx/node2/get/25021+26231+93735+3784+28403,/events/ludum-dare/51/red-rink,"['https://www.instagram.com/cardcade_wmg', 'https://twitter.com/windmillgames', 'https://www.linkedin.com/mwlite/in/milankovarbasic', 'https://twitter.com/ebernerd', 'https://www.youtube.com/user/devjeeper']",94.836187391862,58,36.875,42,4.263,33,4.038,103,3.813,188,3.85,400,4.463,67,4.363,25,4.188,45,4.163,77,1.1561077717746
297272,"Yes, Comrade.","[32224, 296049, 299544, 299625, 302741]",5,yes-comrade,2022-10-03T22:19:27Z,2022-09-15T10:42:11Z,2024-03-29T16:48:26Z,43,34,51,https://api.ldjam.com/vx/node2/get/32224+296049+299544+299625+302741,/events/ludum-dare/51/yes-comrade,[],86.640022544396,70,36.125,49.125,4.26,34,3.878,181,3.948,110,3.638,591,4.438,74,4.521,11,3.633,192,4.417,25,-2.5259642342841
307286,Time Loop Traffic,"[11415, 11414]",2,time-loop-traffic,2022-10-03T21:44:46Z,2022-10-03T21:09:45Z,2024-03-29T16:48:26Z,40,35,51,https://api.ldjam.com/vx/node2/get/11415+11414,/events/ludum-dare/51/time-loop-traffic,"['https://hastilyassembled.itch.io', 'https://twitter.com/HastilyAssemble', 'https://hastilyassembled.itch.io/zombie-admin']",114.9984246899,36,45.625,47.333333333333,4.25,35,4.261,25,3.924,124,4.467,19,4.322,126,,,,,4.261,52,-16.940053552673
301948,Intomb,"[245120, 301800, 302929, 303881]",4,intomb,2022-10-03T22:47:32Z,2022-09-30T07:52:15Z,2024-03-29T16:48:26Z,41,36,51,https://api.ldjam.com/vx/node2/get/245120+301800+302929+303881,/events/ludum-dare/51/intomb,"['https://twitter.com/ExtensiveDocs', 'https://twitter.com/protowlf', 'https://twitter.com/ashenwater', 'https://twitter.com/RonnFever']",134.70209385177,70,72.125,46.571428571429,4.244,36,4.089,81,4.033,79,4.057,211,4.378,98,4.045,88,,,4.239,58,1.4599312391785
306259,Waves,"[112041, 308298, 308311, 308695]",4,waves,2022-10-03T21:58:02Z,2022-10-03T02:28:11Z,2024-03-29T16:48:26Z,50,36,51,https://api.ldjam.com/vx/node2/get/112041+308298+308311+308695,/events/ludum-dare/51/waves,['https://files.jam.host/uploads/$306259/Waves_Windows_0.1.1.zip'],105.10068432771,83,44.875,47.571428571429,4.244,36,3.7,297,4.444,10,4.478,15,4.734,6,4.522,10,,,4.761,3,0.38143812986098
307445,Slow Mo Samurai,[177194],1,slow-mo-samurai,2022-10-03T21:58:34Z,2022-10-03T21:45:48Z,2024-03-29T16:48:26Z,31,36,51,https://api.ldjam.com/vx/node2/get/177194,/events/ludum-dare/51/slow-mo-samurai,[],94.185814971977,57,34.375,39.75,4.244,36,4.256,27,3.91,138,3.795,449,4.077,271,4.013,100,2.8,604,4,141,0.87337902782492
307342,Brightsight,"[113564, 97153, 300609]",3,brightsight,2022-10-03T21:51:29Z,2022-10-03T21:23:03Z,2024-03-29T16:48:26Z,29,39,51,https://api.ldjam.com/vx/node2/get/113564+97153+300609,/events/ludum-dare/51/brightsight,[],124.584250695,53,50.25,38.142857142857,4.236,39,4.108,68,3.5,422,3.284,914,4.319,128,4.069,80,,,3.929,176,2.3155338571249
305018,The Forgotten Crawler,[13080],1,the-forgotten-crawler,2022-10-03T21:36:10Z,2022-10-02T00:44:30Z,2024-03-29T16:48:26Z,35,40,51,https://api.ldjam.com/vx/node2/get/13080,/events/ludum-dare/51/the-forgotten-crawler,[],108.71146130092,41,42.25,42,4.225,40,3.813,216,4.45,9,4.463,20,4.475,64,,,4.269,34,4.103,95,-9.6621920775698
296689,Please don't litter,[235694],1,please-dont-litter,2022-10-03T21:56:32Z,2022-09-10T23:13:55Z,2024-03-29T16:48:26Z,34,41,51,https://api.ldjam.com/vx/node2/get/235694,/events/ludum-dare/51/please-dont-litter,[],94.804294475578,5,27.75,42.5,4.22,41,3.634,351,3.75,224,3.775,467,4.525,43,,,,,4.732,4,-38.320604525604
303089,Marshmallow Bandit,"[147470, 147458]",2,marshmallow-bandit,2022-10-03T18:53:46Z,2022-09-30T20:45:32Z,2024-03-29T16:48:26Z,15,42,51,https://api.ldjam.com/vx/node2/get/147470+147458,/events/ludum-dare/51/marshmallow-bandit,['https://flamboozle.itch.io/marshmallowbandit'],96.024888548643,16,17.75,20.25,4.211,42,4.211,37,3.444,475,4.528,12,4.395,91,4.184,52,2.971,512,3.735,311,4.0361927973371
299779,Encoded War,"[299362, 299372]",2,encoded-war,2022-10-03T22:59:24Z,2022-09-27T03:21:56Z,2024-03-29T16:48:26Z,26,43,51,https://api.ldjam.com/vx/node2/get/299362+299372,/events/ludum-dare/51/encoded-war,"['https://twitter.com/SomnolentTeam', 'https://www.somnolentteam.com/', 'https://www.facebook.com/somnolent.team', 'https://statoasty.itch.io/', 'https://www.tiktok.com/@somnolent.team', 'https://www.youtube.com/channel/UC8xkYTDK18wMOlpmUdpT2KA']",127.64574530096,48,52.75,33.375,4.203,43,3.891,175,4.197,39,4.409,28,4.484,61,4.097,74,3.167,401,4.194,68,0.81104329145394
306271,Clockmachine Chaos,[248473],1,clockmachine-chaos,2022-10-03T03:00:53Z,2022-10-03T02:48:04Z,2024-03-29T16:48:26Z,25,44,51,https://api.ldjam.com/vx/node2/get/248473,/events/ludum-dare/51/clockmachine-chaos,['https://sirmilkman.itch.io/clockmachine-chaos'],20.347302987214,0,1.625,40.25,4.2,44,4.175,44,4.175,43,4.163,142,3.692,537,3.538,354,2.742,635,3.432,598,-80.50341160448
305539,Auto Parker,"[3356, 307248]",2,auto-parker,2022-10-03T21:27:49Z,2022-10-02T15:52:03Z,2024-03-29T16:48:26Z,54,45,51,https://api.ldjam.com/vx/node2/get/3356+307248,/events/ludum-dare/51/auto-parker,[],73.141755831568,17,35.375,67.125,4.194,45,4.097,77,4.313,18,3.53,708,4.106,249,3.137,575,3.303,333,3.531,507,-44.070403181028
307349,Dr. Word's Machine,"[123681, 130866]",2,dr-words-machine,2022-10-03T21:32:15Z,2022-10-03T21:25:01Z,2024-03-29T16:48:26Z,43,45,51,https://api.ldjam.com/vx/node2/get/123681+130866,/events/ludum-dare/51/dr-words-machine,['https://soundcloud.com/user-234133765'],84.222894363465,66,43.625,62.5,4.194,45,4.065,91,4.363,14,4.339,47,3.402,736,4.067,82,3.571,219,4.025,130,-24.631084837441
296859,The Night Owl Murder,"[4018, 282168, 299523]",3,the-night-owl-murder,2022-10-03T16:47:42Z,2022-09-12T09:25:45Z,2024-03-29T16:48:26Z,34,47,51,https://api.ldjam.com/vx/node2/get/4018+282168+299523,/events/ludum-dare/51/the-night-owl-murder,['https://digital-mosaic-games.itch.io/the-night-owl-murder**'],93.478969597495,29,23.375,27.75,4.192,47,3.808,219,3.385,525,3.173,980,4.593,27,4.481,16,3.068,455,4.593,10,1.2959503890328
303200,NN7 Guardian,"[219642, 221704, 262180]",3,nn7-guardian,2022-10-03T21:58:52Z,2022-09-30T21:17:16Z,2024-03-29T16:48:26Z,61,48,51,https://api.ldjam.com/vx/node2/get/219642+221704+262180,/events/ludum-dare/51/nn7-guardian,"['https://www.fmod.com/', 'http://www.pentacom.jp/pentacom/bitfontmaker2/gallery/?id=947', 'https://twitter.com/erlioniel', 'https://iamstonefromthesky.bandcamp.com/', 'https://twitter.com/roman_danylenko', 'https://github.com/PixeyeHQ/Unity3d-Signals']",110.43553440595,119,84,79.857142857143,4.191,48,3.796,224,3.725,247,4.134,160,4.563,38,4.119,66,2.409,806,4.196,67,-10.889601188945
297352,Stella Brown and the Curse of the Grocery Witch,"[34014, 277544, 83887, 299270, 301681, 302667, 300028]",7,stella-brown-and-the-curse-of-the-grocery-witch,2022-10-03T22:46:41Z,2022-09-15T18:56:51Z,2024-03-29T16:48:26Z,45,49,51,https://api.ldjam.com/vx/node2/get/34014+277544+83887+299270+301681+302667+300028,/events/ludum-dare/51/stella-brown-and-the-curse-of-the-grocery-witch,"['https://www.artstation.com/izamatrix', 'https://www.markkuwainman.com/', 'http://jimmycushnie.com/', 'https://www.instagram.com/linkaguo/', 'https://www.instagram.com/gkeyna/', 'https://laurenpham.bandcamp.com/']",96.806945512466,72,42.875,46.75,4.189,49,3.878,181,3.67,284,4.289,69,4.534,39,4.544,8,4.3,30,4.189,70,3.3471251281394
306552,Don't Shoot Yourself,[256185],1,dont-shoot-yourself,2022-10-03T21:59:23Z,2022-10-03T12:47:39Z,2024-03-29T16:48:26Z,26,50,51,https://api.ldjam.com/vx/node2/get/256185,/events/ludum-dare/51/dont-shoot-yourself,[],83.017419207609,16,19.125,32.857142857143,4.183,50,4.371,11,4.597,3,4.839,1,3.613,597,3.581,325,,,3.677,369,-18.180768187506
300639,Card Empires,"[262579, 301750, 297453]",3,card-empires,2022-10-03T16:09:11Z,2022-09-28T17:28:59Z,2024-03-29T16:48:26Z,32,51,51,https://api.ldjam.com/vx/node2/get/262579+301750+297453,/events/ludum-dare/51/card-empires,"['https://www.flaticon.com/authors/maxicons', 'https://www.flaticon.com/authors/freepik']",148.9253871901,17,49.625,46.75,4.182,51,4.102,71,3.988,100,4.341,43,,,,,,,,,-30.570086990456
298351,Are We There Yet?,"[1573, 277710, 282293, 298669]",4,are-we-there-yet,2022-10-03T21:01:57Z,2022-09-21T17:48:42Z,2024-03-29T16:48:26Z,22,52,51,https://api.ldjam.com/vx/node2/get/1573+277710+282293+298669,/events/ludum-dare/51/are-we-there-yet,[],109.2906420717,31,32.25,28,4.173,52,4.135,57,3.981,102,4.538,11,3.981,326,4,102,4.519,4,4.22,62,0.82988974836117
306731,Gravity Crush,"[36785, 45824]",2,gravity-crush,2022-10-03T16:16:52Z,2022-10-03T15:56:20Z,2024-03-29T16:48:26Z,28,53,51,https://api.ldjam.com/vx/node2/get/36785+45824,/events/ludum-dare/51/gravity-crush,"['https://twitter.com/toastichron', 'https://twitter.com/andidebob']",89.442719099992,42,23,34,4.172,53,4.219,32,3.469,456,4.203,114,4.25,159,,,3.938,96,4.016,137,2.1507836910498
307161,Match it Fast ,"[52546, 121103, 52048]",3,match-it-fast,2022-10-03T21:59:24Z,2022-10-03T20:24:38Z,2024-03-29T16:48:26Z,28,54,51,https://api.ldjam.com/vx/node2/get/52546+121103+52048,/events/ludum-dare/51/match-it-fast,[],60.32889831359,4,12.875,36.375,4.171,54,4.2,40,3.657,290,4.2,116,4.257,157,3.618,305,3.625,196,3.838,234,-36.487022545902
302138,Blind Jump,"[7081, 273193, 306401]",3,blind-jump,2022-10-03T22:57:28Z,2022-09-30T11:38:45Z,2024-03-29T16:48:26Z,50,55,51,https://api.ldjam.com/vx/node2/get/7081+273193+306401,/events/ludum-dare/51/blind-jump,"['https://tsfreddie.itch.io/blind-jump', 'https://youtu.be/LlqK9gMpzAs', 'https://soundcloud.com/tsfreddie/sets/blind-jump-ost']",93.250480824031,18,47.5,63.571428571429,4.169,55,3.871,187,4.363,14,4.29,68,4.161,213,4.048,87,,,3.695,354,-39.034319824248
296894,Beardadette and the Eternal Hiccup,"[52174, 55462, 169797]",3,beardadette-and-the-eternal-hiccup,2022-10-03T22:53:49Z,2022-09-12T13:59:25Z,2024-03-29T16:48:26Z,60,56,51,https://api.ldjam.com/vx/node2/get/52174+55462+169797,/events/ludum-dare/51/beardadette-and-the-eternal-hiccup,[],67.889506000253,73,34.625,76.125,4.167,56,3.933,156,3.807,190,4.153,151,4.627,19,4.205,48,4.1,64,4.218,63,-21.989282257385
305098,Harvest Golem,[5017],1,harvest-golem,2022-10-03T20:11:46Z,2022-10-02T04:25:50Z,2024-03-29T16:48:26Z,24,56,51,https://api.ldjam.com/vx/node2/get/5017,/events/ludum-dare/51/harvest-golem,[],91.751661276179,28,20.625,25.5,4.167,56,4.354,12,4.083,64,3.065,1029,3.771,482,3.957,124,3.023,477,3.771,276,2.6910636104941
305000,Holospecter,"[143796, 251170, 305002, 297777, 302730, 301310, 285629]",7,holospecter,2022-10-03T21:44:26Z,2022-10-02T00:09:17Z,2024-03-29T16:48:26Z,96,58,51,https://api.ldjam.com/vx/node2/get/143796+251170+305002+297777+302730+301310+285629,/events/ludum-dare/51/holospecter,"['https://on.soundcloud.com/e8Crs', 'https://www.youtube.com/watch?v=uEQqp7q4DZs']",69.010868709211,70,47.625,123.42857142857,4.165,58,4.098,73,3.221,665,3.272,923,4.442,72,4.126,63,2.598,710,3.928,179,-37.482554082005
304132,Curse of the Wereburger,"[179831, 204132, 320570]",3,the-curse-of-the-wereburger,2022-10-03T21:59:22Z,2022-10-01T06:43:06Z,2024-03-29T16:48:26Z,52,59,51,https://api.ldjam.com/vx/node2/get/179831+204132+320570,/events/ludum-dare/51/the-curse-of-the-wereburger,[],96.798340374136,92,57.625,62.5,4.164,59,4.123,63,4.033,79,3.9,350,4.582,34,4.15,56,4.328,26,4.058,115,-3.86247224718
300771,Heartbeat,"[9649, 9653, 201927]",3,heartbeat-1,2022-10-03T21:10:00Z,2022-09-28T22:06:07Z,2024-04-03T17:45:54Z,20,60,51,https://api.ldjam.com/vx/node2/get/9649+9653+201927,/events/ludum-dare/51/heartbeat-1,"['https://www.artstation.com/dari_mak', 'https://twitter.com/yenneash', 'https://yanri.cc/games/heartbeat', 'https://soundcloud.com/elvenaudio', 'https://twitter.com/yanrishatum']",122.32754708968,13,26,21,4.158,60,3.895,173,4.184,42,4.316,55,4.105,250,4.237,43,,,4.526,15,1.1834731470275
307351,"Make Haste, Detective!","[303257, 299286, 303062, 299183, 303244]",5,make-haste-detective,2022-10-03T21:49:09Z,2022-10-03T21:25:33Z,2024-03-29T16:48:26Z,35,61,51,https://api.ldjam.com/vx/node2/get/303257+299286+303062+299183+303244,/events/ludum-dare/51/make-haste-detective,[],109.94335854222,48,44.875,38.125,4.153,61,3.875,183,4.111,57,4.458,21,4.5,51,4.25,39,4.181,48,4.125,88,-2.617852381599
300730,Robotbotbot,"[193341, 195279]",2,robotbotbot,2022-10-03T22:54:37Z,2022-09-28T20:35:09Z,2024-03-29T16:48:26Z,27,62,51,https://api.ldjam.com/vx/node2/get/193341+195279,/events/ludum-dare/51/robotbotbot,"['https://twitter.com/gkgames', 'https://twitter.com/mish_mash_masha']",85.634883857768,15,15.125,24.714285714286,4.152,62,4.152,49,3.957,106,4.543,10,4,309,,,2.905,545,3.848,225,-15.770583555419
303712,ROAD TXTR,"[2764, 182712, 298210]",3,road-txtr,2022-10-03T10:42:03Z,2022-09-30T23:30:13Z,2024-03-29T16:48:26Z,33,63,51,https://api.ldjam.com/vx/node2/get/2764+182712+298210,/events/ludum-dare/51/road-txtr,"['https://soundcloud.com/congus-bongus/dog-in-car-1', 'https://congusbongus.itch.io/road-txtr']",113.63832568614,46,44.875,35.75,4.147,63,4.324,16,4.029,84,4.074,200,4.441,73,4.235,44,4.318,27,4.242,57,0.33057941406955
307422,DiscoTech,"[6307, 126017, 131762, 105874, 45308, 105902, 105912]",7,discotech,2022-10-03T21:45:15Z,2022-10-03T21:40:35Z,2024-03-29T16:48:26Z,32,63,51,https://api.ldjam.com/vx/node2/get/6307+126017+131762+105874+45308+105902+105912,/events/ludum-dare/51/discotech,[],120.37356818823,46,44.375,36.142857142857,4.147,63,4,115,4.338,16,4.191,125,4.071,273,4.221,46,,,4,141,0.47326341042952
306813,Kairos Station Evac,"[214957, 290972, 214953, 214491]",4,kairos-station-evac,2022-10-03T21:48:30Z,2022-10-03T16:49:56Z,2024-03-29T16:48:26Z,22,65,51,https://api.ldjam.com/vx/node2/get/214957+290972+214953+214491,/events/ludum-dare/51/kairos-station-evac,[],106.90449676497,19,26,23.75,4.143,65,4.068,90,4.25,27,4.568,8,3.523,658,3.841,191,3.295,335,4.071,105,0.51414220648333
302735,Super Auto Crusaders,"[166493, 166291, 168109]",3,super-auto-crusaders,2022-10-03T22:54:42Z,2022-09-30T18:30:52Z,2024-03-29T16:48:26Z,43,66,51,https://api.ldjam.com/vx/node2/get/166493+166291+168109,/events/ludum-dare/51/super-auto-crusaders,[],125.73892269239,118,116.375,64.25,4.141,66,4.266,23,3.586,356,4.04,230,3.477,683,3.226,529,3.259,356,3.41,618,-0.57197799948266
307215,You've Got Mail!,"[301, 305297, 265145]",3,youve-got-mail,2022-10-03T22:56:15Z,2022-10-03T20:47:14Z,2024-03-29T16:48:26Z,30,66,51,https://api.ldjam.com/vx/node2/get/301+305297+265145,/events/ludum-dare/51/youve-got-mail,[],87.143473435513,39,25.25,34.25,4.141,66,3.953,139,4.364,13,4.379,32,4.53,41,4.121,65,4.435,9,4.274,48,-1.7638068207565
307402,Cat That Steals Stuff and Gets in Trouble,"[159258, 184687, 249444, 202489, 281398]",5,kittomania,2022-10-03T21:56:15Z,2022-10-03T21:36:55Z,2024-03-29T16:48:26Z,16,68,51,https://api.ldjam.com/vx/node2/get/159258+184687+249444+202489+281398,/events/ludum-dare/51/kittomania,[],118.93164777344,13,26.875,20,4.139,68,4.139,53,3.583,359,4.389,29,4.167,211,4.083,77,3.972,88,4.111,91,1.1834731470275
301203,The Time Bomb,[238409],1,the-time-bomb,2022-10-03T21:56:05Z,2022-09-29T14:16:23Z,2024-03-29T16:48:26Z,24,69,51,https://api.ldjam.com/vx/node2/get/238409,/events/ludum-dare/51/the-time-bomb,[],81.746342150437,29,17.625,27.375,4.135,69,3.865,190,3.942,114,4.231,91,4.596,26,3.923,142,3.174,398,4.021,133,2.8735128264589
298753,Supply & Command,"[79680, 91644]",2,supply-command,2022-10-03T21:09:52Z,2022-09-23T13:58:26Z,2024-03-29T16:48:26Z,30,70,51,https://api.ldjam.com/vx/node2/get/79680+91644,/events/ludum-dare/51/supply-command,[],97.979589711327,56,33,35.375,4.132,70,4.044,99,3.591,350,3.412,813,3.897,385,4.5,13,3.133,421,3.897,194,-2.1114271125079
300757,Tattooz,[300756],1,tattooz,2022-10-02T19:12:52Z,2022-09-28T21:27:17Z,2024-03-29T16:48:26Z,20,70,51,https://api.ldjam.com/vx/node2/get/300756,/events/ludum-dare/51/tattooz,"['https://www.youtube.com/channel/UCCLXJqxqdH1rgamrxaoKdvw', 'https://www.instagram.com/yuyuvrajav/']",108.39741694339,17,23.5,21,4.132,70,4.053,96,4,91,4.579,7,3.895,391,3.842,188,3.842,123,3.632,402,-9.9808449502992
305234,Carton Carrier,"[103952, 125719, 246828, 305238]",4,carton-carrier,2022-10-03T20:34:44Z,2022-10-02T09:11:52Z,2024-03-29T16:48:26Z,89,72,51,https://api.ldjam.com/vx/node2/get/103952+125719+246828+305238,/events/ludum-dare/51/carton-carrier,[],54.197203014744,25,28.125,96.75,4.121,72,4.196,42,4.109,59,3.891,359,4.387,96,3.833,194,3.788,142,3.739,305,-48.391490462729
300733,Tiny Tiny Orbit,[14872],1,tiny-tiny-orbit,2022-10-03T21:35:35Z,2022-09-28T20:37:52Z,2024-03-29T16:48:26Z,21,73,51,https://api.ldjam.com/vx/node2/get/14872,/events/ludum-dare/51/tiny-tiny-orbit,[],95.315094923425,11,17.375,23,4.119,73,3.738,274,3.762,219,4.024,239,4.333,114,3.857,177,,,3.881,203,-5.5910836930067
306706,Cheat or Lose,[266229],1,cheat-or-lose,2022-10-03T22:22:16Z,2022-10-03T15:45:40Z,2024-03-29T16:48:26Z,39,74,51,https://api.ldjam.com/vx/node2/get/266229,/events/ludum-dare/51/cheat-or-lose,['https://twitter.com/VetcheStudio'],97.164776482118,61,38,41.25,4.118,74,4.025,108,4.263,24,4.25,83,3.625,586,3.763,218,4.081,70,3.782,267,3.7749043325542
301312,ALYOEP,"[109456, 5313, 78006]",3,alyoep,2022-10-03T21:42:07Z,2022-09-29T17:02:36Z,2024-03-29T16:48:26Z,15,75,51,https://api.ldjam.com/vx/node2/get/109456+5313+78006,/events/ludum-dare/51/alyoep,[],124.0875790429,19,33.875,23,4.114,75,4.159,47,4.19,41,3.524,714,3.682,545,4.341,30,3.206,385,4.071,105,3.209369308428
300774,Operation: Time-Strike,[300741],1,operation-time-strike,2022-10-03T21:18:11Z,2022-09-28T22:14:03Z,2024-03-29T16:48:26Z,20,76,51,https://api.ldjam.com/vx/node2/get/300741,/events/ludum-dare/51/operation-time-strike,"['https://www.fesliyanstudios.com/royalty-free-music/download/sneaky-action/2407', 'https://secrethideout.itch.io/team-wars-platformer-battle', 'https://little-martian.itch.io/retro-texture-pack']",132.75918047352,27,35.25,28,4.111,76,4.074,87,4,91,4.13,164,,,,,2.761,628,3.88,204,0.88890637018238
301134,Metal Muscle Mage,"[2885, 260523, 301160]",3,metal-muscle-mage,2022-10-03T21:56:30Z,2022-09-29T12:47:56Z,2024-03-29T16:48:26Z,31,76,51,https://api.ldjam.com/vx/node2/get/2885+260523+301160,/events/ludum-dare/51/metal-muscle-mage,['https://almax27.itch.io/metal-muscle-mage'],98.970813086503,47,35.875,37.625,4.111,76,4.056,94,4.167,44,4.042,229,4.375,99,4.639,3,4.143,56,4.162,78,1.1561077717746
305537,Tiny Jukebox,[7424],1,tiny-jukebox,2022-10-03T18:09:23Z,2022-10-02T15:48:44Z,2024-03-29T16:48:26Z,46,78,51,https://api.ldjam.com/vx/node2/get/7424,/events/ludum-dare/51/tiny-jukebox,['https://grizzly-games.itch.io/tiny-jukebox'],88.945079425716,73,37.875,48.875,4.109,78,4.138,55,3.106,777,3.917,332,4,309,4.67,2,3.348,318,3.859,219,1.1104597063763
305126,Room Again ,"[238965, 300952, 161064]",3,room-again,2022-10-03T21:17:20Z,2022-10-02T05:35:35Z,2024-03-29T16:48:26Z,168,79,51,https://api.ldjam.com/vx/node2/get/238965+300952+161064,/events/ludum-dare/51/room-again,['https://opengameart.org/content/dark-and-desperate-intro'],100,275,195.25,225.83333333333,4.107,79,3.861,192,3.858,159,4.279,72,4.429,77,,,,,4.185,72,-51.145308252403
297888,Puzzlebot,[297887],1,puzzlebot,2022-10-03T21:57:26Z,2022-09-19T16:42:06Z,2024-03-29T16:48:26Z,16,80,51,https://api.ldjam.com/vx/node2/get/297887,/events/ludum-dare/51/puzzlebot,[],101.55048005795,14,20.625,21,4.105,80,3.895,173,3.421,494,3.921,325,3.816,447,3.632,294,3.316,329,3.711,337,-1.1173535053912
306924,lemojid,"[122468, 122469]",2,lemojid,2022-10-03T21:42:21Z,2022-10-03T18:25:58Z,2024-03-29T16:48:26Z,14,80,51,https://api.ldjam.com/vx/node2/get/122468+122469,/events/ludum-dare/51/lemojid,"['https://fontlibrary.org/en/font/comme', 'https://twemoji.twitter.com/', 'https://vuejs.org/']",143.23220279506,8,24.875,21,4.105,80,3.921,161,3.921,129,4.368,35,,,,,3.263,354,,,-4.8810268788658
307411,Step Up,"[4827, 4840]",2,step-up,2022-10-03T21:42:13Z,2022-10-03T21:39:18Z,2024-03-29T16:48:26Z,21,82,51,https://api.ldjam.com/vx/node2/get/4827+4840,/events/ludum-dare/51/step-up,[],63.813516972924,24,9.875,25.25,4.104,82,4.125,61,4.021,87,4.458,21,4.417,83,3.688,258,2.684,670,3.717,331,-8.7129070824723
307595,Nine Knives,"[271109, 303302, 307700]",3,nine-knives,2022-10-03T22:29:52Z,2022-10-03T22:10:01Z,2024-03-29T16:48:26Z,11,83,51,https://api.ldjam.com/vx/node2/get/271109+303302+307700,/events/ludum-dare/51/nine-knives,['https://kaiway.itch.io/ld51'],102.32589230148,16,22.25,22.25,4.095,83,4.143,51,4.167,44,4.167,140,3.81,454,3.762,221,2.469,779,3.35,675,-0.53908748518558
299726,Piggy Go Bye Bye,[13974],1,piggy-go-bye-bye,2022-10-03T15:32:56Z,2022-09-27T00:05:47Z,2024-03-29T16:48:26Z,26,84,51,https://api.ldjam.com/vx/node2/get/13974,/events/ludum-dare/51/piggy-go-bye-bye,[],104.19143849595,29,30.125,28.75,4.093,84,4.444,6,4.056,73,4.296,66,3.963,336,3.904,157,4.038,78,3.685,363,1.2959503890328
306331,OutPost,[243219],1,outpost,2022-10-03T09:05:49Z,2022-10-03T04:47:10Z,2024-03-29T16:48:26Z,41,85,51,https://api.ldjam.com/vx/node2/get/243219,/events/ludum-dare/51/outpost,"['https://www.youtube.com/watch?v=uRiXhO6PCA8', 'https://bananadog1218.itch.io/outpost']",65.916977504454,39,17,40.125,4.09,85,4.231,30,3.436,484,3.789,455,4.238,167,3.936,134,3.044,467,3.703,345,-13.042287083799
300455,ExperiMental,"[300454, 297644, 300459, 306702]",4,experimental,2022-10-03T21:27:35Z,2022-09-28T10:20:41Z,2024-03-29T16:48:26Z,50,86,51,https://api.ldjam.com/vx/node2/get/300454+297644+300459+306702,/events/ludum-dare/51/experimental,[],119.45872201767,92,83.125,59.25,4.086,86,4.136,56,3.551,388,4.203,114,3.877,404,3.719,237,3.732,163,3.877,206,-0.20429030529726
296604,A Handy Job,[202408],1,a-handy-job,2022-10-03T17:20:37Z,2022-09-10T10:30:18Z,2024-03-29T16:48:26Z,112,87,51,https://api.ldjam.com/vx/node2/get/202408,/events/ludum-dare/51/a-handy-job,[],100,222,113.125,160.375,4.085,87,3.95,140,4.218,34,4.192,123,4.025,297,3.753,223,4.239,38,3.828,240,-42.320407589181
298844,Groceries Please!,"[77099, 190052, 79279, 239285, 80705]",5,groceries-please,2022-10-03T21:23:53Z,2022-09-23T22:08:23Z,2024-03-29T16:48:26Z,38,88,51,https://api.ldjam.com/vx/node2/get/77099+190052+79279+239285+80705,/events/ludum-dare/51/groceries-please,[],95.494350536856,64,44,49.25,4.083,88,3.969,131,3.51,421,3.543,698,3.792,467,3.723,234,3.068,455,4.063,108,-5.607454708356
303146,A Quick Bunny Affair ðŸ¥•,"[239597, 239184, 237462, 189949, 279136]",5,a-quick-bunny-affair,2022-10-03T18:09:11Z,2022-09-30T21:05:34Z,2024-03-29T16:48:26Z,55,89,51,https://api.ldjam.com/vx/node2/get/239597+239184+237462+189949+279136,/events/ludum-dare/51/a-quick-bunny-affair,[],105.64892544371,128,88.875,80.625,4.082,89,3.753,260,3.462,463,3.987,264,4.719,9,4.234,45,4.141,57,4.078,103,-16.677793355191
303412,Chernobyl,"[186168, 264490, 264465, 264461, 276983]",5,chernobly,2022-10-03T21:03:56Z,2022-09-30T21:55:56Z,2024-03-29T16:48:26Z,30,90,51,https://api.ldjam.com/vx/node2/get/186168+264490+264465+264461+276983,/events/ludum-dare/51/chernobly,[],106.26095580446,38,42.625,38.75,4.079,90,3.689,306,3.932,120,4.053,216,4.632,18,4.149,57,3.219,377,4.446,21,-7.5150870709343
303678,Neon CGTD,[10147],1,neon-cgtd,2022-10-03T22:50:55Z,2022-09-30T23:01:27Z,2024-03-29T16:48:26Z,15,91,51,https://api.ldjam.com/vx/node2/get/10147,/events/ludum-dare/51/neon-cgtd,[],104.79310612834,14,22.375,21.375,4.075,91,4.125,61,3.5,422,4.1,185,3.3,793,3.25,517,2.118,924,3.167,830,1.4514547003576
296602,Night of the Spook,"[25919, 143459, 113069]",3,project-video-game,2022-10-03T22:37:12Z,2022-09-10T10:05:02Z,2024-03-29T16:48:26Z,43,92,51,https://api.ldjam.com/vx/node2/get/25919+143459+113069,/events/ludum-dare/51/project-video-game,[],129.92024888606,85,92.625,55.875,4.073,92,4.109,67,3.418,498,3.982,267,4.391,95,3.843,187,3.4,286,3.952,167,0.99285391066022
303259,Pet the Damn Cat!,[79862],1,pet-the-damn-cat,2022-10-03T15:59:48Z,2022-09-30T21:29:16Z,2024-03-29T16:48:26Z,64,92,51,https://api.ldjam.com/vx/node2/get/79862,/events/ludum-dare/51/pet-the-damn-cat,[],71.652631611534,37,33.5,75.714285714286,4.073,92,3.727,282,3.919,132,4.196,120,4.5,51,,,4.372,21,4.268,50,-36.359711221697
307170,Ravening Edge,[13798],1,ravening-edge,2022-10-03T21:55:43Z,2022-10-03T20:28:07Z,2024-03-29T16:48:26Z,15,94,51,https://api.ldjam.com/vx/node2/get/13798,/events/ludum-dare/51/ravening-edge,['https://www.youtube.com/watch?v=xgNfpMXTMXI'],108.37059585751,19,25.25,22.5,4.071,94,4.024,109,3.238,646,3.7,542,4.095,258,3.857,177,3.056,460,4.024,132,2.1054940485262
307341,Type Train,"[11789, 46621, 189393, 78957, 235404, 76640]",6,type-train,2022-10-03T22:57:26Z,2022-10-03T21:23:02Z,2024-03-29T16:48:26Z,27,95,51,https://api.ldjam.com/vx/node2/get/11789+46621+189393+78957+235404+76640,/events/ludum-dare/51/type-train,[],68.447347429091,30,14.875,37.428571428571,4.069,95,4.042,101,4.028,85,3.569,666,4.5,51,,,3.652,187,3.943,172,-11.828782651178
305302,Wait a sec,"[302506, 302498, 166578, 302497, 302496]",5,wait-a-sec,2022-10-02T12:48:37Z,2022-10-02T11:03:43Z,2024-03-29T16:48:26Z,13,96,51,https://api.ldjam.com/vx/node2/get/302506+302498+166578+302497+302496,/events/ludum-dare/51/wait-a-sec,['https://www.youtube.com/watch?v=r5SfFjzumZ8'],142.75765070721,20,40.25,23.714285714286,4.068,96,4.182,43,3.341,561,4.205,112,4.091,260,,,4.048,75,3.81,251,0.57637364916367
303030,Armillario,"[142640, 122563, 214903]",3,armillario,2022-10-03T22:41:23Z,2022-09-30T20:24:45Z,2024-03-29T16:48:26Z,29,97,51,https://api.ldjam.com/vx/node2/get/142640+122563+214903,/events/ludum-dare/51/armillario,[],111.75186469439,34,33.875,32.142857142857,4.067,97,3.633,352,4.033,79,4.267,76,4.183,203,4.117,67,,,4.25,54,-0.98957904679722
299132,AllegroRPG,"[212921, 241860]",2,allegrorpg,2022-10-03T20:07:50Z,2022-09-25T14:50:50Z,2024-03-29T16:48:26Z,21,98,51,https://api.ldjam.com/vx/node2/get/212921+241860,/events/ludum-dare/51/allegrorpg,"['https://twitter.com/Noctilucax', 'https://twitter.com/dr_smey', 'https://drsmey.itch.io/allegro']",122.96340919152,34,47.25,32.25,4.065,98,3.903,169,3.919,132,4.177,136,4.306,135,3.452,404,2.5,755,3.617,416,-2.6271008879705
307497,Spell Forest,"[307494, 167033]",2,spell-forest,2022-10-03T21:55:26Z,2022-10-03T21:53:21Z,2024-03-29T16:48:26Z,16,98,51,https://api.ldjam.com/vx/node2/get/307494+167033,/events/ludum-dare/51/spell-forest,['https://www.youtube.com/watch?v=sjjXsHTGk7k'],80.999052839194,24,15.5,24.625,4.065,98,4.087,82,2.739,1042,3.783,463,4.333,114,3.522,358,2.316,857,4.152,80,0.70176299560271
304964,10 Snekonds,"[139668, 250824]",2,10-snekonds,2022-10-03T22:57:46Z,2022-10-01T23:14:09Z,2024-03-29T16:48:26Z,71,100,51,https://api.ldjam.com/vx/node2/get/139668+250824,/events/ludum-dare/51/10-snekonds,['https://incompetech.com/music/royalty-free/music.html'],90.078543064348,83,40.875,58.714285714286,4.061,100,4.061,93,3.914,135,4.181,134,4.517,45,,,2.913,538,3.684,364,-3.5329986319613
307529,"Demons, bullets and new rules","[39125, 7106, 21317]",3,demons-bullets-and-new-rules,2022-10-03T22:59:44Z,2022-10-03T21:57:50Z,2024-03-29T16:48:26Z,47,101,51,https://api.ldjam.com/vx/node2/get/39125+7106+21317,/events/ludum-dare/51/demons-bullets-and-new-rules,"['https://twitter.com/maksim_dolnik', 'https://twitter.com/Amolkers', 'https://github.com/Bugord']",76.930925816207,30,21.75,43.142857142857,4.058,101,4.14,52,3.238,646,4.19,127,4.262,153,,,3.157,409,3.744,302,-18.479636775508
307185,The Crumbly Fumbly,"[219121, 307188]",2,the-crumbly-fumbly,2022-10-03T21:29:17Z,2022-10-03T20:36:32Z,2024-03-29T16:48:26Z,20,102,51,https://api.ldjam.com/vx/node2/get/219121+307188,/events/ludum-dare/51/the-crumbly-fumbly,[],77.79866052155,33,11.5,20,4.056,102,3.861,192,3.444,475,4.25,83,4.222,177,3.861,175,2.722,647,3.528,510,-21.118936225338
304566,Lil Trash Friend,"[217530, 217534, 222061, 230570, 221752, 72177, 228570, 222133, 216258, 220722]",10,lil-trash-friend,2022-10-03T21:58:24Z,2022-10-01T14:55:14Z,2024-03-29T16:48:26Z,17,103,51,https://api.ldjam.com/vx/node2/get/217530+217534+222061+230570+221752+72177+228570+222133+216258+220722,/events/ludum-dare/51/lil-trash-friend,['https://www.youtube.com/watch?v=kA4teQPrBiA'],106.36023693091,16,22.625,21,4.053,103,4.079,86,3.737,234,3.789,455,4.333,114,3.947,132,4.184,46,4,141,2.247471629109
306782,Forkin Around,"[170417, 161044, 270318, 270312]",4,forkin-around,2022-10-03T17:03:46Z,2022-10-03T16:29:13Z,2024-03-29T16:48:26Z,26,104,51,https://api.ldjam.com/vx/node2/get/170417+161044+270318+270312,/events/ludum-dare/51/forkin-around,[],94.806786931364,46,28.875,33.125,4.047,104,3.922,160,3.597,345,4.161,145,4.516,48,3.75,225,3.117,427,3.948,169,3.2795558988644
300790,Sonar,"[6797, 105940, 103846, 216394, 300619, 300960, 301195, 304627]",8,sonar,2022-10-03T21:48:54Z,2022-09-28T22:34:29Z,2024-03-29T16:48:26Z,94,105,51,https://api.ldjam.com/vx/node2/get/6797+105940+103846+216394+300619+300960+301195+304627,/events/ludum-dare/51/sonar,[],104.45650640916,55,59.875,55.875,4.045,105,3.782,235,3.62,317,3.973,280,4.625,20,4.264,38,2.944,522,4.455,19,-15.749652311726
298015,Ticktock Tactics,"[166971, 5364]",2,ticktock-tactics,2022-10-03T22:43:08Z,2022-09-20T10:53:13Z,2024-03-29T16:48:26Z,51,106,51,https://api.ldjam.com/vx/node2/get/166971+5364,/events/ludum-dare/51/ticktock-tactics,"['https://twitter.com/craldev', 'https://twitter.com/DevExcy']",86.861442422059,56,31.5,57,4.036,106,3.818,212,3.545,393,3.945,303,4.427,78,3.927,138,,,,,-14.26536668051
300039,Bygone Melodies,[237261],1,bygone-melodies,2022-10-03T22:53:40Z,2022-09-27T16:25:10Z,2024-03-29T16:48:26Z,90,107,51,https://api.ldjam.com/vx/node2/get/237261,/events/ludum-dare/51/bygone-melodies,[],72.197645390968,104,52.125,109.125,4.033,107,3.528,450,3.495,436,2.966,1071,4.634,17,4.546,7,3.681,180,4.314,42,-24.198572878928
307658,An Average Day At The Cat Cafe,"[2836, 33090, 4925]",3,an-average-day-at-the-cat-cafe,2022-10-03T22:51:23Z,2022-10-03T22:28:44Z,2024-03-29T16:48:26Z,45,108,51,https://api.ldjam.com/vx/node2/get/2836+33090+4925,/events/ludum-dare/51/an-average-day-at-the-cat-cafe,"['https://soundcloud.com/atmospherium/', 'https://twitter.com/AlexRoseGames', 'https://twitter.com/zephybite']",50.676359234006,21,16.5,65.25,4.031,108,3.734,276,3.086,799,3.391,837,4.731,7,4.453,19,3.964,90,4.515,17,-38.192033530449
307501,SPACE KATANA,"[211746, 309399]",2,space-katana,2022-10-03T22:32:14Z,2022-10-03T21:53:40Z,2024-03-29T16:48:26Z,37,109,51,https://api.ldjam.com/vx/node2/get/211746+309399,/events/ludum-dare/51/space-katana,"['https://twitter.com/MarlyGames', 'https://twitter.com/DevFatigued']",110.18379294354,75,45.375,51.166666666667,4.03,109,4.2,40,3.8,192,4.163,142,,,,,2.478,771,3.87,211,1.2945522682155
300372,Celestial Survivors,[9980],1,celestial-survivors,2022-10-03T07:44:28Z,2022-09-28T06:25:18Z,2024-03-29T16:48:26Z,27,110,51,https://api.ldjam.com/vx/node2/get/9980,/events/ludum-dare/51/celestial-survivors,['http://www.wyattcheng.com/games/CelestialSurvivors/'],104.55572505405,50,38.125,35.875,4.029,110,4.086,84,3.544,397,4.3,63,3.829,441,3.757,222,2.375,827,3.647,389,2.7669991077416
298852,Blades of Doom,[221199],1,blades-of-doom,2022-10-03T04:02:08Z,2022-09-23T23:02:05Z,2024-03-29T16:48:26Z,59,111,51,https://api.ldjam.com/vx/node2/get/221199,/events/ludum-dare/51/blades-of-doom,['https://ldjam.com/events/ludum-dare/51/$299480/easyleaderboard-for-your-games'],63.129470719701,20,20.375,59.571428571429,4.026,111,4.167,45,3.377,530,3.643,587,3.763,487,4.175,53,2.6,,3.718,330,-36.01900867084
296908,10S-Assembler,[78339],1,10s-assembler,2022-10-03T21:27:51Z,2022-09-12T14:58:46Z,2024-03-29T16:48:26Z,21,112,51,https://api.ldjam.com/vx/node2/get/78339,/events/ludum-dare/51/10s-assembler,[],147.08915706396,9,43,20.875,4.025,112,4,115,3.921,129,4.053,216,3.816,447,3.763,218,2.833,583,3.75,290,-5.5845049036668
298448,You've Got Mail!,"[146546, 146382, 146329]",3,youve-got-mail-1,2022-10-03T22:58:09Z,2022-09-22T01:18:45Z,2024-03-29T16:48:26Z,17,113,51,https://api.ldjam.com/vx/node2/get/146546+146382+146329,/events/ludum-dare/51/youve-got-mail-1,"['https://maxlep.itch.io/', 'https://furtivefungi.itch.io/', 'https://bowlmonkeylabs.itch.io', 'https://bowlmonkeylabs.itch.io/ludumdare51', 'https://merc37.itch.io/', 'https://opengameart.org/content/blast-off-0']",85.737934296806,20,13.875,22.714285714286,4.024,113,4.286,20,3.675,278,4.357,40,3.833,436,,,4.595,2,4,141,2.5231987859732
296635,Chromo Trigger,"[769, 773, 54320, 215745, 154572]",5,chromo-trigger,2022-10-03T22:52:11Z,2022-09-10T16:16:37Z,2024-03-29T16:48:26Z,41,114,51,https://api.ldjam.com/vx/node2/get/769+773+54320+215745+154572,/events/ludum-dare/51/chromo-trigger,"['https://lando.systems/games/ld51-chromo-trigger/ld51-chromo-trigger.jar', 'https://lando.systems', 'https://twitter.com/dsgraham', 'https://github.com/bploeckelman/LudumDare51', 'https://twitter.com/PalpatinesSmile', 'https://www.oryxdesignlab.com/', 'https://lando.systems/games/ld51-chromo-trigger/']",101.98563388398,72,48.625,47.75,4.022,114,4.098,73,3.478,447,3.967,286,3.63,581,3.913,151,3.902,106,3.943,172,-12.59033555606
296802,Space Dizzy,"[34858, 146899]",2,space-dizzy,2022-10-03T22:56:55Z,2022-09-11T21:07:30Z,2024-03-29T16:48:26Z,17,115,51,https://api.ldjam.com/vx/node2/get/34858+146899,/events/ludum-dare/51/space-dizzy,[],62.429447358085,10,9.5,25.375,4.021,115,3.75,261,3.792,197,4.188,129,4.063,281,4.042,91,2.225,896,3.696,351,-24.407105398155
303851,HACK THE PLANET,"[281516, 39091, 279585, 307638]",4,hack-the-planet,2022-10-03T22:03:11Z,2022-10-01T01:33:41Z,2024-03-29T16:48:26Z,22,115,51,https://api.ldjam.com/vx/node2/get/281516+39091+279585+307638,/events/ludum-dare/51/hack-the-planet,['https://jessfromonline.itch.io/hack-the-planet'],100,25,25,26,4.021,115,3.646,340,4.146,49,3.417,805,3.833,436,3.708,243,3.521,242,4.167,75,2.8441689009303
306888,Just 10 More Seconds,[306885],1,just-10-more-seconds,2022-10-03T18:20:48Z,2022-10-03T17:59:01Z,2024-03-29T16:48:26Z,18,117,51,https://api.ldjam.com/vx/node2/get/306885,/events/ludum-dare/51/just-10-more-seconds,[],126.57843199974,27,36.25,27,4.02,117,4.3,18,3.4,511,4.32,54,3.22,831,3.78,211,,,3.86,217,2.7402333828163
304633,Bomb Squirrel,[269484],1,bomb-squirrel,2022-10-03T21:43:46Z,2022-10-01T15:57:43Z,2024-03-29T16:48:26Z,21,118,51,https://api.ldjam.com/vx/node2/get/269484,/events/ludum-dare/51/bomb-squirrel,[],89.492175957019,30,22.625,29.25,4.019,118,4,115,4.018,90,4.339,47,4.304,136,3.13,580,3.1,436,3.87,211,1.2739367083667
300188,Hourglass Outlaw,[80860],1,hourglass-outlaw,2022-10-03T20:48:25Z,2022-09-27T20:41:32Z,2024-03-29T16:48:26Z,35,119,51,https://api.ldjam.com/vx/node2/get/80860,/events/ludum-dare/51/hourglass-outlaw,[],67.501493412392,28,14.125,32,4.016,119,4.016,113,3.887,148,4.258,82,3.935,357,3.85,182,2.692,664,3.536,502,-9.0491406113751
298024,Seasons Journey,[297572],1,sesaons-journey,2022-10-03T22:36:03Z,2022-09-20T11:32:01Z,2024-03-29T16:48:26Z,45,120,51,https://api.ldjam.com/vx/node2/get/297572,/events/ludum-dare/51/sesaons-journey,[],119.8638683623,49,44,36.142857142857,4.014,120,3.771,246,3.871,154,4.343,42,4.015,306,,,3,487,3.735,311,3.1242715591988
299229,miam,"[33095, 33462, 214482]",3,miam,2022-10-03T22:16:10Z,2022-09-25T21:01:27Z,2024-03-29T16:48:26Z,35,120,51,https://api.ldjam.com/vx/node2/get/33095+33462+214482,/events/ludum-dare/51/miam,"['https://github.com/HadrienRenaud', 'https://github.com/yopox', 'https://www.youtube.com/user/ArtRemix', 'https://www.twitter.com/yopoxdev', 'https://github.com/yopox/LD51/commit/a9a2c20b6a6823e14a615b4899ba440ec52501d3']",151.66876069014,50,84.25,37.625,4.014,120,3.903,169,3.403,510,4,251,4.222,177,4.028,94,3.397,292,3.729,318,3.1078524452934
296981,Shutter Chaos,"[13882, 126652, 126651]",3,shutter-chaos,2022-10-03T21:57:54Z,2022-09-13T04:57:52Z,2024-03-29T16:48:26Z,32,122,51,https://api.ldjam.com/vx/node2/get/13882+126652+126651,/events/ludum-dare/51/shutter-chaos,[],108.78663692798,65,41.125,40.857142857143,4.013,122,3.872,186,4.313,18,4.303,61,4.436,75,,,4.474,6,4.158,79,-0.89022543125995
306707,Fall Girl,"[172301, 172599]",2,fall-girl,2022-10-03T21:57:43Z,2022-10-03T15:46:21Z,2024-03-29T16:48:26Z,70,122,51,https://api.ldjam.com/vx/node2/get/172301+172599,/events/ludum-dare/51/fall-girl,"['https://www.theonion.com/study-every-10-seconds-a-skyscraper-window-washer-fall-1819572451', 'https://freemusicarchive.org/music/YACHT']",119.20399101643,213,108.75,81.571428571429,4.013,122,4,115,3.582,362,3.381,845,3.975,334,,,4.114,61,3.709,340,-12.331243816221
302859,Burger Rush,[240775],1,burger-rush,2022-10-03T20:54:13Z,2022-09-30T19:16:47Z,2024-03-29T16:48:26Z,53,124,51,https://api.ldjam.com/vx/node2/get/240775,/events/ludum-dare/51/burger-rush,['https://freemusicarchive.org/music/Komiku/Captain_Glouglous_Incredible_Week_Soundtrack/Glouglou/'],117.20543247675,105,66.625,56.571428571429,4.009,124,4.098,73,3.491,437,3.955,294,3.884,399,,,3.157,409,3.558,480,1.1173531156923
296633,DecaDare,"[191664, 214806, 191572, 201189, 240047, 239292, 191738, 265650, 210836, 298611, 300626, 302537, 205139]",13,decadare,2022-10-03T22:03:35Z,2022-09-10T16:10:03Z,2024-03-29T16:48:26Z,48,125,51,https://api.ldjam.com/vx/node2/get/191664+214806+191572+201189+240047+239292+191738+265650+210836+298611+300626+302537+205139,/events/ludum-dare/51/decadare,[],131.73298438776,114,113.75,58.625,4,125,4.096,78,3.474,454,4.035,233,4.053,288,3.956,125,4.228,40,3.861,216,2.2877150979518
297278,> deploy helper bot,"[5877, 238142, 238143, 238226]",4,deploy-helper-robot,2022-10-03T21:45:54Z,2022-09-15T11:21:23Z,2024-03-29T16:48:26Z,35,125,51,https://api.ldjam.com/vx/node2/get/5877+238142+238143+238226,/events/ludum-dare/51/deploy-helper-robot,[],113.97523282604,75,50.5,39.875,4,125,3.897,171,3.538,403,4.188,129,4.188,201,3.974,119,2.667,675,3.778,270,-11.064042593707
302090,The Last Outpost,"[3564, 113826]",2,the-last-outpost,2022-10-03T20:51:13Z,2022-09-30T10:56:28Z,2024-03-29T16:48:26Z,28,125,51,https://api.ldjam.com/vx/node2/get/3564+113826,/events/ludum-dare/51/the-last-outpost,[],110.85376499664,34,30.875,29.857142857143,4,125,3.679,315,3.643,299,3.696,549,4.589,30,4.148,58,,,4.571,11,2.6702316671596
302328,Fatal Desolation,"[50042, 302173, 300456, 302361, 302377]",5,fatal-desolation,2022-10-03T21:50:37Z,2022-09-30T14:29:39Z,2024-03-29T16:48:26Z,22,125,51,https://api.ldjam.com/vx/node2/get/50042+302173+300456+302361+302377,/events/ludum-dare/51/fatal-desolation,[],136.01470508735,24,46.25,29.714285714286,4,125,3.429,538,4.214,36,4.214,105,4.464,66,4.185,51,,,4.393,27,-6.9952389201283
302894,Base Clock,[124530],1,base-clock,2022-10-03T21:53:51Z,2022-09-30T19:29:56Z,2024-03-29T16:48:26Z,19,125,51,https://api.ldjam.com/vx/node2/get/124530,/events/ludum-dare/51/base-clock,[],130.89257860118,22,30.625,21.571428571429,4,125,4.026,106,4,91,4.447,24,4.026,295,4.083,77,2.375,,4.026,129,0.83450681866364
305708,A Simple Job,[10546],1,a-simple-job,2022-10-03T22:21:59Z,2022-10-02T18:38:19Z,2024-03-29T16:48:26Z,11,125,51,https://api.ldjam.com/vx/node2/get/10546,/events/ludum-dare/51/a-simple-job,['https://youtu.be/6Yr5DvxxmgI'],78.044276477581,5,8.375,14.75,4,125,4,115,4.192,40,4.231,91,4.7,12,4.125,64,4,,4.292,43,-14.134515922099
306694,Demon's Redemption,"[269580, 269650, 2148, 203083]",4,demons-redemption,2022-10-03T21:19:49Z,2022-10-03T15:36:57Z,2024-03-29T16:48:26Z,23,125,51,https://api.ldjam.com/vx/node2/get/269580+269650+2148+203083,/events/ludum-dare/51/demons-redemption,"['https://laurad.artstation.com/', 'http://jordan-bas.com/', 'https://giuliamiazga9.wixsite.com/giuliamiazga']",86.314536453527,48,23.375,37,4,125,3.729,279,3.843,168,4.3,63,4.529,42,,,4.114,61,4.086,100,2.667134666068
306849,Endless Loop,"[302, 294, 1151, 508]",4,endless-loop,2022-10-03T21:54:11Z,2022-10-03T17:26:55Z,2024-03-29T16:48:26Z,24,125,51,https://api.ldjam.com/vx/node2/get/302+294+1151+508,/events/ludum-dare/51/endless-loop,"['https://www.gimp.org/', 'http://banana4.life', 'https://ephtracy.github.io/', 'https://unity.com/', 'https://blender.org', 'https://www.jetbrains.com/rider/']",93.921737503442,42,29,33.875,4,125,3.939,154,3.909,139,4.303,61,4.197,194,3.656,278,2.596,711,3.656,383,0.87952441020767
298155,FLV-51,"[54987, 59903, 122307]",3,flv-51,2022-10-03T22:58:53Z,2022-09-20T23:39:26Z,2024-03-29T16:48:26Z,37,133,51,https://api.ldjam.com/vx/node2/get/54987+59903+122307,/events/ludum-dare/51/flv-51,"['https://twitter.com/Senhor_Fattori', 'https://twitter.com/settingscon', 'https://www.linkedin.com/in/gustavocgoncalves/', 'https://twitter.com/landosilva_']",96.8346376071,89,37.625,47,3.989,133,4,115,3.567,377,4.044,225,3.967,335,3.911,154,,,3.8,256,2.6205313342678
300988,The Lamplighter,[299852],1,the-lamplighter,2022-10-03T20:23:18Z,2022-09-29T09:01:19Z,2024-03-29T16:48:26Z,40,133,51,https://api.ldjam.com/vx/node2/get/299852,/events/ludum-dare/51/the-lamplighter,"['https://twitter.com/sunfishhhhhh', 'https://selkieharbour.itch.io/the-lamplighter', 'https://twitter.com/llikdowk', 'https://twitter.com/SelkieHarbour']",148.51510895748,75,77.75,48.333333333333,3.989,133,3.554,430,3.62,317,3.902,348,4.087,263,,,,,4.25,54,3.1595458108065
303067,"Bots, Bots, Bots","[240225, 250240, 240221, 288570]",4,bots-bots-bots,2022-10-03T22:55:51Z,2022-09-30T20:37:25Z,2024-03-29T16:48:26Z,48,133,51,https://api.ldjam.com/vx/node2/get/240225+250240+240221+288570,/events/ludum-dare/51/bots-bots-bots,[],111.14378604524,78,57.75,47.75,3.989,133,3.728,281,3.576,369,3.935,312,4.351,109,3.696,254,3,487,3.565,472,-2.0204102886729
297368,Terminal Velocity,[239469],1,terminal-velocity,2022-10-03T18:11:41Z,2022-09-15T20:09:59Z,2024-03-29T16:48:26Z,39,136,51,https://api.ldjam.com/vx/node2/get/239469,/events/ludum-dare/51/terminal-velocity,['https://youtu.be/CPzbXH9sjI0'],115.97985787898,63,38,39,3.986,136,4.257,26,2.946,898,3.486,747,4.216,183,,,,,3.811,250,3.3907886245859
302606,Beat Survivor,[1569],1,beat-survivor,2022-10-03T21:47:09Z,2022-09-30T17:23:29Z,2024-03-29T16:48:26Z,29,136,51,https://api.ldjam.com/vx/node2/get/1569,/events/ludum-dare/51/beat-survivor,[],70.569679617205,17,15.625,37,3.986,136,4.129,60,3.829,175,3.571,662,3.686,541,4.143,60,,,3.914,186,-28.133212365967
305544,Facebot's Long Night,"[296991, 298414, 303401]",3,facebots-long-night,2022-10-03T20:06:53Z,2022-10-02T15:56:52Z,2024-03-29T16:48:26Z,22,138,51,https://api.ldjam.com/vx/node2/get/296991+298414+303401,/events/ludum-dare/51/facebots-long-night,[],137.94758375912,31,56.375,30.625,3.983,138,4.069,89,3.586,356,2.759,1131,4.19,198,3.482,386,3.107,435,4,141,-1.7947619792938
307198,Gottschalk,"[143893, 172766, 282120, 296415]",4,gottschalk,2022-10-03T20:45:22Z,2022-10-03T20:42:25Z,2024-03-29T16:48:26Z,34,139,51,https://api.ldjam.com/vx/node2/get/143893+172766+282120+296415,/events/ludum-dare/51/gottschalk,[],122.60279989005,33,29.875,27.833333333333,3.981,139,3.442,525,3.923,126,4.115,178,4.404,90,,,,,4.14,82,2.7553366880626
306922,Garden Grind,"[162890, 228505, 220023]",3,garden-grind,2022-10-03T18:48:32Z,2022-10-03T18:24:37Z,2024-03-29T16:48:26Z,21,140,51,https://api.ldjam.com/vx/node2/get/162890+228505+220023,/events/ludum-dare/51/garden-grind,['https://daxic.itch.io/garden-grind**'],101.20052318896,5,26.5,26.875,3.98,140,3.7,297,3.52,413,4.1,185,4.52,44,3.92,146,2.688,665,3.66,379,-19.305341521407
304574,Discomobulate (à¸‡'Ì€-'Ì)à¸‡,[217362],1,discomobulate,2022-10-03T18:56:31Z,2022-10-01T15:06:01Z,2024-03-29T16:48:26Z,22,141,51,https://api.ldjam.com/vx/node2/get/217362,/events/ludum-dare/51/discomobulate,['https://oyshoboy.itch.io/discomobulate'],106.2029649654,24,24.25,25.714285714286,3.979,141,4,115,3.792,197,4.063,206,3.958,339,,,4.438,8,3.886,199,-8.4501517049966
301322,Sleepcheckers,[262691],1,sleepcheckers,2022-10-03T22:48:28Z,2022-09-29T17:12:00Z,2024-03-29T16:48:26Z,54,142,51,https://api.ldjam.com/vx/node2/get/262691,/events/ludum-dare/51/sleepcheckers,"['https://soundcloud.com/user-918589295', 'https://serious-game-manufacture.itch.io/', 'https://www.artstation.com/gerard_makuszewski']",92.057461789832,57,50,68.571428571429,3.976,142,3.516,468,3.762,219,4.323,53,4.677,13,3.966,121,3.029,471,4.352,32,-22.310368195041
297037,Kangaroo Court,"[233378, 262366, 298624, 301767]",4,kangaroo-court,2022-10-03T21:42:54Z,2022-09-13T14:41:53Z,2024-03-29T16:48:26Z,29,143,51,https://api.ldjam.com/vx/node2/get/233378+262366+298624+301767,/events/ludum-dare/51/kangaroo-court,[],71.328250351776,16,10.875,22.375,3.975,143,3.95,140,4,91,4.45,23,4.381,97,4.075,79,4.405,16,4.048,120,-12.002331033204
304654,â˜•ï¸ OverBrewed !,"[4019, 1554, 15820]",3,overbrewed,2022-10-03T22:52:00Z,2022-10-01T16:33:05Z,2024-03-29T16:48:26Z,40,144,51,https://api.ldjam.com/vx/node2/get/4019+1554+15820,/events/ludum-dare/51/overbrewed,"['https://freesound.org,', 'https://caffinate.itch.io/fibberish']",101.09692495469,53,34.75,40,3.974,144,3.658,331,3.224,661,3.5,730,4.197,194,4.211,47,,,4.197,66,-1.1834736374884
306809,Silvi,"[15003, 60184]",2,silvi,2022-10-03T23:08:25Z,2022-10-03T16:48:28Z,2024-03-29T16:48:26Z,114,145,51,https://api.ldjam.com/vx/node2/get/15003+60184,/events/ludum-dare/51/silvi,[],100,183,109.375,123.5,3.972,145,3.435,533,4.032,82,3.75,493,4.28,143,3.955,126,2.74,637,4.427,24,-31.244834904767
300223,Homerun for your life!,"[182546, 163050]",2,homerun-for-your-life,2022-10-03T14:47:52Z,2022-09-27T21:27:08Z,2024-03-29T16:48:26Z,33,146,51,https://api.ldjam.com/vx/node2/get/182546+163050,/events/ludum-dare/51/homerun-for-your-life,['https://menicafolden.itch.io/homerun'],56.479767684597,27,11.125,35.875,3.971,146,3.765,251,3.647,296,4.132,163,4.5,51,3.574,331,4.485,5,4.061,110,-19.894206759129
307418,Best LD Game Ever!,[250851],1,best-ld-game-ever,2022-10-03T21:44:38Z,2022-10-03T21:40:18Z,2024-03-29T16:48:26Z,81,147,51,https://api.ldjam.com/vx/node2/get/250851,/events/ludum-dare/51/best-ld-game-ever,[],92.784818566353,107,57.25,67.5,3.97,147,4.008,114,4.115,55,2.646,1154,3.598,614,3.892,162,4.409,14,4.008,140,-3.2915826537756
307714,Thwack,"[187667, 266304, 187752]",3,thwack,2022-10-03T22:54:34Z,2022-10-03T22:48:38Z,2024-03-29T16:48:26Z,46,148,51,https://api.ldjam.com/vx/node2/get/187667+266304+187752,/events/ludum-dare/51/thwack,"['https://twitter.com/mafgar_online', 'https://twitter.com/Alphons63', 'https://twitter.com/jontopielski']",41.221581119603,0,10.875,65,3.969,148,4.1,72,3.188,701,2.469,1182,4.292,138,3.871,171,3.733,162,3.78,269,-60.155411397833
303073,Midnight Game Child,"[268101, 268100]",2,midnight-game-child,2022-10-03T21:47:24Z,2022-09-30T20:41:10Z,2024-03-29T16:48:26Z,20,149,51,https://api.ldjam.com/vx/node2/get/268101+268100,/events/ludum-dare/51/midnight-game-child,"['https://freesound.org/people/iamadam19/sounds/362633/', 'https://freesound.org/people/NachtmahrTV/sounds/553251/', 'https://freesound.org/people/ftpalad/sounds/119905/', 'https://opengameart.org/content/gameboy-dmg-random-nanoloop-tune', 'https://freesound.org/people/Rudmer_Rotteveel/sounds/502507/', 'https://fonts.google.com/specimen/Cedarville+Cursive', 'https://beta.dreamstudio.ai/dream', 'https://www.dafont.com/early-gameboy.font']",90.092130223739,60,22.625,33,3.968,149,3.839,202,3.742,229,3.774,471,3.613,597,,,4.145,55,3.935,175,-5.1316701949486
307538,Dragon Breeder,[297822],1,dragon-breeder,2022-10-03T22:21:01Z,2022-10-03T21:59:33Z,2024-03-29T16:48:26Z,31,149,51,https://api.ldjam.com/vx/node2/get/297822,/events/ludum-dare/51/dragon-breeder,[],71.697714391715,43,16,32.125,3.968,149,3.533,446,3.833,172,4.067,204,4.5,51,3.629,298,2.926,528,3.75,290,3.4213261178307
297141,THE_MACHINE_KNOWS_HATE,"[276121, 276593]",2,the-machine-knows-hate,2022-10-03T21:57:38Z,2022-09-14T10:02:57Z,2024-03-29T16:48:26Z,43,151,51,https://api.ldjam.com/vx/node2/get/276121+276593,/events/ludum-dare/51/the-machine-knows-hate,"['https://arcanerituals.itch.io/this-machine-knows-hate', 'https://arcanerituals.co.uk/', 'https://pastebin.com/bE1ykQTC']",119.78915802017,70,48.25,46.166666666667,3.966,151,3.92,163,3.852,163,4.244,88,3.67,553,,,,,4.08,102,2.4183112998378
300241,Scribble Rush,"[216549, 215691, 263471]",3,scribble-rush,2022-10-03T18:20:59Z,2022-09-27T22:17:17Z,2024-03-29T16:48:26Z,24,152,51,https://api.ldjam.com/vx/node2/get/216549+215691+263471,/events/ludum-dare/51/scribble-rush,"['https://rayhsiao.gatsbyjs.io/gamedev/', 'https://aisara121201.wixsite.com/website', 'https://www.aidanmstrong.com/']",90.350790290525,32,20,29.142857142857,3.963,152,4.093,80,3.741,230,3.944,304,3.722,517,,,4,81,3.833,236,0.58106241509938
303894,Solustella,"[258987, 124461, 265131, 304493, 304494]",5,solustella,2022-10-03T18:26:48Z,2022-10-01T01:59:38Z,2024-03-29T16:48:26Z,16,153,51,https://api.ldjam.com/vx/node2/get/258987+124461+265131+304493+304494,/events/ludum-dare/51/solustella,[],135.70497995342,23,46.5,26.25,3.962,153,3.596,385,3.54,401,4.18,135,4.423,80,3.88,168,2.583,715,3.913,188,0.47506205640329
304251,"Run, Slime, Run !","[302862, 305805, 305818]",3,run-slime-run,2022-10-03T11:57:16Z,2022-10-01T08:36:04Z,2024-03-29T16:48:26Z,38,153,51,https://api.ldjam.com/vx/node2/get/302862+305805+305818,/events/ludum-dare/51/run-slime-run,"['https://onsound.eu/', 'https://www.chosic.com/free-music/all/', 'https://www.serpentsoundstudios.com', 'https://creativecommons.org/licenses/by/4.0/', 'https://dahut.itch.io/run-slime-run', 'https://creativecommons.org/licenses/by/3.0/', 'https://fonts2u.com/8-bit-operator-8-regular.font']",112.21069858045,35,43.125,40.285714285714,3.962,153,3.949,144,3.679,275,4.013,249,4.282,141,,,3.4,286,3.842,229,-11.275863947068
307525,Assault on Hartblood Hotel,"[17469, 25, 134642]",3,assault-on-hartblood-hotel,2022-10-03T22:13:51Z,2022-10-03T21:57:21Z,2024-03-29T16:48:26Z,37,155,51,https://api.ldjam.com/vx/node2/get/17469+25+134642,/events/ludum-dare/51/assault-on-hartblood-hotel,[],89.333398155777,50,30.625,39.375,3.961,155,3.684,309,3.203,685,3.132,1009,4.158,216,4.145,59,3.441,272,4.224,61,0.15661716722687
306295,CATS AND COFFEE,"[266212, 266198]",2,cats-and-coffee,2022-10-03T22:55:19Z,2022-10-03T03:37:48Z,2024-03-29T16:48:26Z,64,156,51,https://api.ldjam.com/vx/node2/get/266212+266198,/events/ludum-dare/51/cats-and-coffee,"['https://twitter.com/ClonzEh', 'https://freesound.org/', 'https://acedio.github.io/animalese.js/', 'https://twitter.com/graylure']",88.832181457989,80,43.5,64.142857142857,3.96,156,3.667,323,3.444,475,3.847,406,4.706,11,,,3.817,133,4.131,86,-9.4931529567949
306534,Life Passes You By,[268647],1,time-passes-you-by,2022-10-03T12:32:22Z,2022-10-03T12:26:22Z,2024-03-29T16:48:26Z,34,156,51,https://api.ldjam.com/vx/node2/get/268647,/events/ludum-dare/51/time-passes-you-by,['https://cosmonautical.itch.io/life-passes-you-by'],120.42421696599,66,45.5,51.8,3.96,156,3.347,620,3.99,99,4.34,46,,,,,,,4.54,12,-14.263840025893
302563,Dragon Slayer Ultra,[302561],1,dragon-slayer-ultra,2022-10-03T21:31:01Z,2022-09-30T16:56:47Z,2024-03-29T16:48:26Z,54,158,51,https://api.ldjam.com/vx/node2/get/302561,/events/ludum-dare/51/dragon-slayer-ultra,[],22.176638128637,9,3.375,69.625,3.957,158,3.787,231,3.71,256,4.217,104,4.235,169,3.912,153,3.858,119,3.746,301,-67.29511492697
297120,Call It A Day,"[97736, 297771, 296960, 297770, 298198, 298795, 298199, 298796, 299466, 302204]",10,call-it-a-day,2022-10-03T21:51:42Z,2022-09-14T05:53:43Z,2024-03-29T16:48:26Z,78,159,51,https://api.ldjam.com/vx/node2/get/97736+297771+296960+297770+298198+298795+298199+298796+299466+302204,/events/ludum-dare/51/call-it-a-day,"['https://ldjam.com/users/lolojohn147/', 'https://joe2643.itch.io/call-it-a-day', 'https://ldjam.com/users/karen-shum', 'https://ldjam.com/users/chan', 'https://ldjam.com/users/shiro-white/', 'https://ldjam.com/users/joe2643/', 'https://ldjam.com/users/stenyin', 'https://ldjam.com/users/ttkedward/', 'https://ldjam.com/users/fionamok05', 'https://ldjam.com/users/lincoln-sin', 'https://ldjam.com/users/sivam']",105.19033660764,96,105,91.375,3.956,159,3.544,439,3.466,460,3.972,281,4.511,49,4.1,72,3.628,195,3.989,152,-24.278217163722
298488,Laser Madness: Super Mega Neo Ultimate Climax No Way Back Wars Deluxe Edition,"[148430, 151090]",2,laser-madness-super-mega-neo-ultimate-climax-no-way-back-wars-deluxe-edition,2022-10-03T21:32:18Z,2022-09-22T08:15:51Z,2024-03-29T16:48:26Z,22,160,51,https://api.ldjam.com/vx/node2/get/148430+151090,/events/ludum-dare/51/laser-madness-super-mega-neo-ultimate-climax-no-way-back-wars-deluxe-edition,"['https://gx.games/games/4ro3il/laser-madness/tracks/04340c45-f6ec-4f39-89bc-47ef9a552e25/', 'https://jonasmg.itch.io/laser-madness']",104.10566183842,19,24.25,23.375,3.955,160,4.023,110,3.455,469,4.114,180,3.761,489,3.841,191,2.444,788,3.65,387,2.3781393777983
299185,EVERY TIME YOU BLINK,"[299184, 306349, 299747]",3,every-time-you-blink,2022-10-03T19:51:59Z,2022-09-25T18:22:38Z,2024-03-29T16:48:26Z,43,160,51,https://api.ldjam.com/vx/node2/get/299184+306349+299747,/events/ludum-dare/51/every-time-you-blink,"['https://robobarbie.itch.io/every-time-you-blink', 'https://www.pexels.com/photo/interior-of-traditional-english-pub-with-wooden-tables-and-leather-chairs-5662826/', 'https://hypeddit.com/ki2idc', 'https://docs.google.com/document/d/1xWg0V7IycYvYBOH12-g6aCkEE8_Q24nVT-WX3xgbqJE/edit?usp=sharing', 'https://www.pexels.com/photo/sofa-chair-beside-window-2249055/', 'https://freesound.org/people/MLaudio/sounds/511484/', 'https://twitter.com/destiniislands', 'https://freesound.org/people/qubodup/sounds/219590/', 'https://unsplash.com/photos/0ARznsol0Lc', 'https://unsplash.com/photos/UDDULE_eIBY', 'https://freesound.org/people/LAGtheNoggin/sounds/15545/', 'https://twitter.com/theallievera', 'https://unsplash.com/photos/MeNE7Ockq4w', 'http://bit.ly/ghostrifter-yt', 'https://twitter.com/robo_barbie', 'https://unsplash.com/photos/tQQ4BwN_UFs']",116.38494123148,83,55.875,56.333333333333,3.955,160,3.618,367,3.833,172,4.306,59,4.231,173,,,,,4.343,35,-2.416846176646
302930,BABY ROOM,"[123204, 144137, 142312, 270581]",4,baby-room,2022-10-03T22:40:44Z,2022-09-30T19:43:51Z,2024-03-29T16:48:26Z,15,160,51,https://api.ldjam.com/vx/node2/get/123204+144137+142312+270581,/events/ludum-dare/51/baby-room,['http://creativecommons.org/licenses/by/4.0/'],93.11759273064,28,17.125,23.714285714286,3.955,160,3.864,191,3.545,393,4.364,39,4.273,148,,,4.167,49,3.929,176,1.3828437787096
307590,Hocus Poquest,"[154208, 184978, 239559, 3745, 279958]",5,hocus-poquest,2022-10-03T22:43:22Z,2022-10-03T22:08:08Z,2024-03-29T16:48:26Z,17,160,51,https://api.ldjam.com/vx/node2/get/154208+184978+239559+3745+279958,/events/ludum-dare/51/hocus-poquest,[],123.02493704585,39,35,24.125,3.955,160,3.773,244,3.136,748,3.205,962,3.652,564,3.386,450,3.705,172,3.523,517,1.2927591110398
305955,Fast Food In10sifies,[240959],1,fast-food-in10sifies,2022-10-02T21:54:38Z,2022-10-02T21:44:18Z,2024-03-29T16:48:26Z,24,164,51,https://api.ldjam.com/vx/node2/get/240959,/events/ludum-dare/51/fast-food-in10sifies,['https://dunkelgrau.itch.io/fast-food'],74.905672205159,17,15.5,32.714285714286,3.952,164,3.887,176,2.855,976,4.145,156,4.281,142,,,2.571,722,3.839,233,-18.30894790807
307228,KILLING TIME: The Dimensional RPG,"[106367, 12245, 302723, 266000, 266427, 307282, 307389]",7,killing-time-the-dimensional-rpg,2022-10-03T22:01:35Z,2022-10-03T20:52:20Z,2024-03-29T16:48:26Z,27,164,51,https://api.ldjam.com/vx/node2/get/106367+12245+302723+266000+266427+307282+307389,/events/ludum-dare/51/killing-time-the-dimensional-rpg,[],100.19588657362,45,32,32.875,3.952,164,4.081,85,3.79,200,4.177,136,3.919,368,3.952,128,3.935,98,3.917,182,-0.49628097900107
305876,Night At The Orphanarium,"[142038, 241456, 227378]",3,night-at-the-orphanarium,2022-10-03T22:52:06Z,2022-10-02T20:58:03Z,2024-03-29T16:48:26Z,52,166,51,https://api.ldjam.com/vx/node2/get/142038+241456+227378,/events/ludum-dare/51/night-at-the-orphanarium,[],126.7448501049,141,109.125,63.25,3.951,166,3.839,202,3.613,325,4.115,178,4.427,78,4.323,33,3.629,194,4.048,120,-11.902360815679
298916,Escape from The Aquillus,[298907],1,escape-from-the-aquillus,2022-10-03T20:50:45Z,2022-09-24T11:23:32Z,2024-03-29T16:48:26Z,72,167,51,https://api.ldjam.com/vx/node2/get/298907,/events/ludum-dare/51/escape-from-the-aquillus,[],117.43657267014,95,67.75,57.285714285714,3.948,167,3.793,227,3.129,754,4.121,172,4.276,146,,,2.581,716,3.741,304,3.5521086974393
304919,OH! STUPID ENGINEER,[217971],1,if-you-are-over-25-and-own-a-computer-this-game-is-a-must-have,2022-10-03T21:45:59Z,2022-10-01T21:59:34Z,2024-03-29T16:48:26Z,52,168,51,https://api.ldjam.com/vx/node2/get/217971,/events/ludum-dare/51/if-you-are-over-25-and-own-a-computer-this-game-is-a-must-have,[],134.0803046308,96,123.875,56.625,3.945,168,3.827,208,3.018,845,3.864,387,4.098,256,3.698,252,3.245,360,3.645,393,2.7912337500093
298985,ShipIt!,"[220427, 227241]",2,shipit,2022-10-02T21:53:40Z,2022-09-24T20:39:31Z,2024-03-29T16:48:26Z,39,169,51,https://api.ldjam.com/vx/node2/get/220427+227241,/events/ludum-dare/51/shipit,[],69.915512683081,39,19.125,45.857142857143,3.943,169,3.722,283,3.667,286,4.222,99,,,3.693,255,2.902,548,3.709,340,-19.209981884969
306563,7 in 1 in 10,"[4968, 306561]",2,7-in-10,2022-10-03T13:51:22Z,2022-10-03T13:02:12Z,2024-03-29T16:48:26Z,29,170,51,https://api.ldjam.com/vx/node2/get/4968+306561,/events/ludum-dare/51/7-in-10,[],0,0,0,35.625,3.941,170,4.074,87,2.912,923,4.118,174,4.029,294,3.864,173,4.318,27,3.985,154,-83.587801202756
304551,Citri Plays Noirwood,[171757],1,citri-plays-noirwood,2022-10-03T20:56:04Z,2022-10-01T14:39:54Z,2024-03-29T16:48:26Z,57,171,51,https://api.ldjam.com/vx/node2/get/171757,/events/ludum-dare/51/citri-plays-noirwood,[],54.196399015263,0,27.5,94.625,3.94,171,3.511,470,3.995,98,3.264,927,4.489,60,4.043,89,3.804,136,4.17,74,-61.861496430176
301187,Fun Time Games,"[14647, 146224]",2,fun-time-games,2022-10-03T21:58:54Z,2022-09-29T13:55:21Z,2024-03-29T16:48:26Z,20,172,51,https://api.ldjam.com/vx/node2/get/14647+146224,/events/ludum-dare/51/fun-time-games,[],92.154556651084,25,21.125,25.875,3.938,172,4.042,101,3.458,465,4.417,27,4.125,236,3.896,160,4.167,49,3.891,197,3.0922854711811
300603,Perihelion,"[300322, 105031, 315659]",3,perihelion,2022-10-03T21:05:26Z,2022-09-28T16:01:03Z,2024-03-29T16:48:26Z,28,173,51,https://api.ldjam.com/vx/node2/get/300322+105031+315659,/events/ludum-dare/51/perihelion,"['https://incompetech.com/', 'https://fontsarena.com/blog/free-vintage-typewriter-fonts/', 'https://opengameart.org/', 'https://www.zapsplat.com/', 'http://www.textures4photoshop.com/', 'https://kenney.nl/', 'https://fuseinabowl.itch.io/ludum-dare-51']",148.22898159913,30,39,25,3.935,173,3.674,321,3.739,231,4.37,34,4.478,62,,,,,4.457,18,-5.3679553185232
302279,Peter OS,"[283729, 278398, 283742]",3,peter-os,2022-10-03T22:51:52Z,2022-09-30T13:57:40Z,2024-03-29T16:48:26Z,54,174,51,https://api.ldjam.com/vx/node2/get/283729+278398+283742,/events/ludum-dare/51/peter-os,[],89.092648406027,72,47.625,69.714285714286,3.934,174,3.485,486,4.051,75,4.191,125,4.42,82,,,4.052,74,3.955,166,-16.821849917404
297251,RoboPup Goes To Puppyland,"[296183, 302560, 302569]",3,robopup-goes-to-puppyland,2022-10-03T22:44:24Z,2022-09-15T07:21:53Z,2024-03-29T16:48:26Z,19,175,51,https://api.ldjam.com/vx/node2/get/296183+302560+302569,/events/ludum-dare/51/robopup-goes-to-puppyland,['https://nimblebeastscollective.itch.io/nb-pixel-font-bundle-2'],154.46260276253,17,54.875,24,3.932,175,4.045,98,3.591,350,4.045,223,3.977,332,3.614,310,3.727,165,3.295,723,-2.0620771371279
300654,Wizard's Basement,"[212906, 213186]",2,wizards-basement,2022-10-03T21:00:00Z,2022-09-28T18:08:14Z,2024-03-29T16:48:26Z,18,175,51,https://api.ldjam.com/vx/node2/get/212906+213186,/events/ludum-dare/51/wizards-basement,[],89.067170685134,11,17.75,23.375,3.932,175,3.886,177,4.045,78,3.818,422,4.25,159,3.909,155,3.395,295,3.825,242,-6.3514363381059
306877,RandoBots,"[56661, 143497, 296412, 233363]",4,randobots,2022-10-03T20:19:57Z,2022-10-03T17:46:58Z,2024-03-29T16:48:26Z,31,177,51,https://api.ldjam.com/vx/node2/get/56661+143497+296412+233363,/events/ludum-dare/51/randobots,['https://brusi.itch.io/randobots'],99.293277363462,29,35,36.5,3.931,177,4,115,4.028,85,4.264,79,3.75,494,3.722,235,2.875,562,3.422,607,-14.122179813412
307002,Alarm Clock Arcade,"[72, 57918]",2,alarm-clock-arcade,2022-10-03T22:12:31Z,2022-10-03T19:09:55Z,2024-03-29T16:48:26Z,19,178,51,https://api.ldjam.com/vx/node2/get/72+57918,/events/ludum-dare/51/alarm-clock-arcade,"['https://love2d.org', 'https://www.youtube.com/watch?v=aU-901F8NSw']",89.742360539312,18,15,22.428571428571,3.929,178,3.833,204,4.333,17,4.381,30,3.81,454,,,3.868,114,3.816,246,2.3097733338617
296938,The Goose Bureau,"[145628, 213225, 191560, 217288, 265384, 259058]",6,the-goose-bureau,2022-10-03T21:53:00Z,2022-09-12T18:28:19Z,2024-03-29T16:48:26Z,47,179,51,https://api.ldjam.com/vx/node2/get/145628+213225+191560+217288+265384+259058,/events/ludum-dare/51/the-goose-bureau,"['https://twitter.com/tricky_fat_cat', 'https://twitter.com/KrikIDDQD', 'https://ldjam.com/users/krik-iddqd', 'https://twitter.com/Just_Ruslan4ik', 'https://ldjam.com/users/justcreative', 'https://ldjam.com/users/tricky-fat-cat/', 'https://ldjam.com/users/e-m', 'https://ldjam.com/users/sava-tsurkanu', 'https://twitter.com/SavaMakesMusic', 'https://ldjam.com/users/sergio-nikol']",77.691930314776,45,25.125,48.714285714286,3.926,179,3.957,136,2.894,939,1.75,1219,,,4,102,3.915,102,4.021,133,-17.212404910015
296731,Shipanic!,"[39235, 180906, 301524, 301521]",4,shipanic,2022-10-03T21:59:40Z,2022-09-11T11:06:41Z,2024-03-29T16:48:26Z,39,180,51,https://api.ldjam.com/vx/node2/get/39235+180906+301524+301521,/events/ludum-dare/51/shipanic,[],103.0369932787,68,49.5,54.428571428571,3.925,180,3.896,172,3.783,207,3.906,342,3.913,373,3.644,286,,,3.755,288,-13.127940766507
303931,DECAPHASE,"[303930, 320351]",2,decaphase,2022-10-03T10:03:45Z,2022-10-01T02:31:41Z,2024-03-29T16:48:26Z,12,180,51,https://api.ldjam.com/vx/node2/get/303930+320351,/events/ludum-dare/51/decaphase,"['https://dgriffin.itch.io/decaphase**', 'https://github.com/DGriffin91/LudumDare51']",106.32190661424,6,22.75,21.125,3.925,180,3.625,357,2.825,1005,3.275,920,4.15,220,3.95,130,2.357,836,3.737,308,-11.774245348743
300467,Phase Snake,[101454],1,phase-snake,2022-10-03T21:26:20Z,2022-09-28T10:56:53Z,2024-03-29T16:48:26Z,25,182,51,https://api.ldjam.com/vx/node2/get/101454,/events/ludum-dare/51/phase-snake,[],135.40064007727,10,37.125,34,3.922,182,4.156,48,3.844,167,4.266,77,3.953,343,,,,,,,-24.407105398155
298301,Drag & Box,"[298299, 299401, 299403]",3,drag-box,2022-10-03T21:53:26Z,2022-09-21T13:47:44Z,2024-03-29T16:48:26Z,27,183,51,https://api.ldjam.com/vx/node2/get/298299+299401+299403,/events/ludum-dare/51/drag-box,"['https://twitter.com/Mr_Deku', 'https://twitter.com/Auusi9', 'https://twitter.com/Alcoro13']",136.96964539884,58,54.875,40.333333333333,3.921,183,3.776,241,3.974,105,3.842,409,4.145,226,3.211,536,,,,,2.5569514311565
296843,Spooky Doctor,[38903],1,spooky-doctor,2022-10-03T19:20:28Z,2022-09-12T07:26:50Z,2024-03-29T16:48:26Z,73,184,51,https://api.ldjam.com/vx/node2/get/38903,/events/ludum-dare/51/spooky-doctor,[],120.5647750336,152,86.125,68.857142857143,3.919,184,3.61,373,3.379,529,3.799,444,4.181,206,,,3.516,244,3.583,452,-3.1920371643783
299819,[X-ED OUT],"[80127, 283317, 301321, 305768]",4,x-ed-out,2022-10-03T14:11:20Z,2022-09-27T06:19:13Z,2024-04-15T20:56:23Z,78,185,51,https://api.ldjam.com/vx/node2/get/80127+283317+301321+305768,/events/ludum-dare/51/x-ed-out,"['https://nashtanir.itch.io/x-ed-out', 'https://ldjam.com/users/nash', 'https://ldjam.com/users/finde', 'https://ldjam.com/users/potoobird', 'https://ldjam.com/users/httpsterio']",92.698993782435,136,77.875,104.71428571429,3.917,185,4.098,73,3.343,559,3.539,703,3.77,483,4.113,68,3.167,,3.742,303,-35.182620344171
302737,Enrum,[301540],1,enrum,2022-10-03T20:59:26Z,2022-09-30T18:31:43Z,2024-03-29T16:48:26Z,34,185,51,https://api.ldjam.com/vx/node2/get/301540,/events/ludum-dare/51/enrum,['https://omy181.itch.io/enrum'],67.700320038633,17,13.75,31,3.917,185,3.55,434,3.633,306,3.517,727,4.133,235,3.946,133,2.125,922,3.633,401,-17.887733910065
307435,Adrem Amet,"[35944, 298531, 35655]",3,adrem-amet,2022-10-03T21:57:02Z,2022-10-03T21:43:40Z,2024-03-29T16:48:26Z,11,185,51,https://api.ldjam.com/vx/node2/get/35944+298531+35655,/events/ludum-dare/51/adrem-amet,[],163.89858174505,15,34.25,13.75,3.917,185,3.917,165,3.917,134,4.25,83,4.125,236,3.708,243,3,,4.375,29,2.8991510855053
307343,Mini Dungeon Tactics,[362],1,mini-dungeon-tactics,2022-10-03T22:56:13Z,2022-10-03T21:23:05Z,2024-03-29T16:48:26Z,21,188,51,https://api.ldjam.com/vx/node2/get/362,/events/ludum-dare/51/mini-dungeon-tactics,"['https://freesound.org/', 'https://www.kenney.nl/']",116.20165600695,34,29.875,30.833333333333,3.914,188,3.81,217,4.069,71,4.069,202,,,,,3.357,312,3.569,468,1.8743263947221
299500,Smack Demon,[79632],1,smack-demon,2022-10-03T12:55:20Z,2022-09-26T14:07:39Z,2024-03-29T16:48:26Z,48,189,51,https://api.ldjam.com/vx/node2/get/79632,/events/ludum-dare/51/smack-demon,"['https://github.com/firebelley', 'https://youtube.com/@FirebelleyGames', 'https://firebelley.itch.io/smack-demon', 'https://twitter.com/firebelley', 'https://github.com/firebelley/LD51']",81.105925131555,54,27.875,57.833333333333,3.912,189,3.754,258,3.632,308,3.482,750,3.991,320,,,3.01,486,,,-16.909028233862
297149,Under Pressure,"[104697, 176645, 297163, 298222, 299809]",5,under-pressure-2,2022-10-03T22:48:13Z,2022-09-14T11:42:45Z,2024-03-29T16:48:26Z,36,190,51,https://api.ldjam.com/vx/node2/get/104697+176645+297163+298222+299809,/events/ludum-dare/51/under-pressure-2,[],149.19537278099,55,75.125,39.714285714286,3.908,190,3.684,309,3.829,175,4.039,231,4.413,85,,,3.797,140,3.543,496,2.1694498919715
304270,Faraday Uncaged,"[101961, 102921]",2,faraday-uncaged,2022-10-03T22:46:37Z,2022-10-01T08:51:55Z,2024-03-29T16:48:26Z,15,191,51,https://api.ldjam.com/vx/node2/get/101961+102921,/events/ludum-dare/51/faraday-uncaged,[],84.571377432289,21,13.5,22.714285714286,3.905,191,3.976,127,4.214,36,4.31,58,4,309,3.857,177,3.447,268,,,1.6782254883588
304476,Bless the Last Ones,[304473],1,bless-the-last-ones,2022-10-03T21:57:37Z,2022-10-01T13:21:03Z,2024-03-29T16:48:26Z,26,192,51,https://api.ldjam.com/vx/node2/get/304473,/events/ludum-dare/51/bless-the-last-ones,"['https://www.behance.net/jelenadjor1691', 'https://demigiant.com/index.php', 'https://demigiant.itch.io/bless-the-last-ones']",132.99688734332,29,41.125,27.714285714286,3.904,192,3.404,562,4.019,88,4.096,189,4.269,150,,,3.72,168,4.1,97,2.2530987429312
306241,bÃ¤bÃ¤bÃ¶x X,"[50696, 182408, 218278]",3,bababox-x,2022-10-03T21:17:53Z,2022-10-03T02:05:49Z,2024-03-29T16:48:26Z,22,192,51,https://api.ldjam.com/vx/node2/get/50696+182408+218278,/events/ludum-dare/51/bababox-x,[],97.169236207332,1,25.375,27.875,3.904,192,3.962,132,3.712,254,3.942,308,4.462,69,4.096,75,3.28,344,3.788,261,-26.733600006788
305604,Oracle of Colliding Realms,"[4192, 170892, 301371, 305613]",4,oracle-of-colliding-realms,2022-10-02T18:18:51Z,2022-10-02T16:59:13Z,2024-03-29T16:48:26Z,19,194,51,https://api.ldjam.com/vx/node2/get/4192+170892+301371+305613,/events/ludum-dare/51/oracle-of-colliding-realms,[],105.14407440227,29,27.5,25.875,3.9,194,3.875,183,4.167,44,3.74,507,3.64,569,3.792,207,2.4,812,3.479,549,5.758376137414
296698,EX SOMNIUM,"[14243, 9590]",2,ex-somnium,2022-10-03T22:31:47Z,2022-09-11T01:14:02Z,2024-03-29T16:48:26Z,49,195,51,https://api.ldjam.com/vx/node2/get/14243+9590,/events/ludum-dare/51/ex-somnium,[],55.234477073899,16,9,30.5,3.897,195,3.466,505,3.603,340,4.433,26,4.328,123,4.196,50,1.84,975,4.328,39,-25.946836882265
307380,Speed Dating for Misfits,[250426],1,speed-dating-for-misfits,2022-10-03T21:37:24Z,2022-10-03T21:31:48Z,2024-03-29T16:48:26Z,45,195,51,https://api.ldjam.com/vx/node2/get/250426,/events/ludum-dare/51/speed-dating-for-misfits,[],76.559111405174,38,32.75,65,3.897,195,3.802,223,3.635,305,4.23,94,4.079,269,,,4.452,7,4.048,120,-27.675942932042
305595,Ten Sec Dread,[1658],1,ten-sec-dread,2022-10-03T21:58:04Z,2022-10-02T16:45:45Z,2024-03-29T16:48:26Z,23,197,51,https://api.ldjam.com/vx/node2/get/1658,/events/ludum-dare/51/ten-sec-dread,['https://tocogames.itch.io/ten-sec-dread'],48.867777742522,4,4,20.285714285714,3.895,197,3.417,551,3.694,265,4.053,216,4.711,10,,,3.083,445,3.765,282,-45.614832179415
296795,Sweet Seconds,"[213259, 227178]",2,sweet-seconds,2022-10-03T21:12:35Z,2022-09-11T19:46:39Z,2024-03-29T16:48:26Z,82,198,51,https://api.ldjam.com/vx/node2/get/213259+227178,/events/ludum-dare/51/sweet-seconds,['https://bismarck-zero.itch.io/sweet-seconds'],100,205,106.625,107.875,3.894,198,3.745,269,3.25,627,3.944,304,4.134,234,4.014,99,3.011,485,3.857,220,-28.564419241994
297222,Nuke Tech Experiment Labs,[193293],1,nuke-tech-experiment-labs,2022-10-03T08:48:49Z,2022-09-14T22:55:39Z,2024-07-08T05:50:21Z,26,199,51,https://api.ldjam.com/vx/node2/get/193293,/events/ludum-dare/51/nuke-tech-experiment-labs,[],77.909363979134,34,17.375,29.625,3.893,199,4.036,105,3.679,275,4.089,192,3.018,927,3.962,123,4.393,18,4.111,91,2.2202503999904
300780,For Whom The Bell Tolls,"[217336, 216331, 300795]",3,for-whom-the-bell-tolls,2022-10-03T21:12:43Z,2022-09-28T22:25:32Z,2024-03-29T16:48:26Z,45,199,51,https://api.ldjam.com/vx/node2/get/217336+216331+300795,/events/ludum-dare/51/for-whom-the-bell-tolls,"['https://drgvdg.itch.io', 'https://twitter.com/diegoterandev', 'https://clerium.itch.io', 'https://drgvdg.itch.io/for-whom-the-bell-tolls']",91.089857340495,84,43.25,60.714285714286,3.893,199,3.787,231,3.8,192,4.133,161,3.639,572,,,3.109,433,3.82,244,-16.480394663741
